USE QuanLyThuVien

GO

-- Insert TACGIA
INSERT INTO TACGIA (MaTacGia,TenTacGia) VALUES ('18576',N'Minh Ngọc ');
INSERT INTO TACGIA (MaTacGia,TenTacGia) VALUES ('18577',N'Huỳnh Khải Vệ ');
INSERT INTO TACGIA (MaTacGia,TenTacGia) VALUES ('18578',N'Phạm Anh Thư ');
INSERT INTO TACGIA (MaTacGia,TenTacGia) VALUES ('18579',N'Nguyễn Nhật Ánh');
INSERT INTO TACGIA (MaTacGia,TenTacGia) VALUES ('18580',N'Ki Ju Lee');
INSERT INTO TACGIA (MaTacGia,TenTacGia) VALUES ('18581',N'John C. Maxwell');
INSERT INTO TACGIA (MaTacGia,TenTacGia) VALUES ('18582',N'Tô Văn Ban');
INSERT INTO TACGIA (MaTacGia,TenTacGia) VALUES ('18583',N'Phạm Văn Ất');
INSERT INTO TACGIA (MaTacGia,TenTacGia) VALUES ('18584',N'Lương Duyên Bình');
INSERT INTO TACGIA (MaTacGia,TenTacGia) VALUES ('18585',N'Robin Sharma');
INSERT INTO TACGIA (MaTacGia,TenTacGia) VALUES ('18586',N'Paulo Coelho');

-- Insert KESACH
INSERT INTO KESACH (MaKeSach,TenKeSach) VALUES ('1110',N'Kệ Sách A ');
INSERT INTO KESACH (MaKeSach,TenKeSach) VALUES ('1111',N'Kệ Sách B ');
INSERT INTO KESACH (MaKeSach,TenKeSach) VALUES ('1112',N'Kệ Sách C1');
INSERT INTO KESACH (MaKeSach,TenKeSach) VALUES ('1113',N'Kệ Sách C2');
INSERT INTO KESACH (MaKeSach,TenKeSach) VALUES ('1114',N'Kệ Sách E');
INSERT INTO KESACH (MaKeSach,TenKeSach) VALUES ('1115',N'Kệ Sách F');
INSERT INTO KESACH (MaKeSach,TenKeSach) VALUES ('1116',N'Kệ Sách G');
INSERT INTO KESACH (MaKeSach,TenKeSach) VALUES ('1117',N'Kệ Sách H');
INSERT INTO KESACH (MaKeSach,TenKeSach) VALUES ('1118',N'Kệ Sách I');
INSERT INTO KESACH (MaKeSach,TenKeSach) VALUES ('1119',N'Kệ Sách K');


-- Insert THELOAI
INSERT INTO THELOAI (MaKeSach,TenTheLoai) VALUES ('1110',N'Truyện Ngắn - Tản Văn');
INSERT INTO THELOAI (MaKeSach,TenTheLoai) VALUES ('1111',N'Tiểu Thuyết ');
INSERT INTO THELOAI (MaKeSach,TenTheLoai) VALUES ('1112',N'Chính Trị - Pháp Luật ');
INSERT INTO THELOAI (MaKeSach,TenTheLoai) VALUES ('1113',N'Văn Học Nghệ Thuật ');
INSERT INTO THELOAI (MaKeSach,TenTheLoai) VALUES ('1114',N'Khoa Học Công Nghệ ');
INSERT INTO THELOAI (MaKeSach,TenTheLoai) VALUES ('1110',N'Sách Công Nghệ Thông Tin');
INSERT INTO THELOAI (MaKeSach,TenTheLoai) VALUES ('1111',N'Sách Giáo Khoa - Giáo Trình ');
INSERT INTO THELOAI (MaKeSach,TenTheLoai) VALUES ('1112',N'Sách Học Ngoại Ngữ');
INSERT INTO THELOAI (MaKeSach,TenTheLoai) VALUES ('1113',N'Sách Kiến Thức Tổng Hợp');
INSERT INTO THELOAI (MaKeSach,TenTheLoai) VALUES ('1114',N'Sách Tham Khảo');
INSERT INTO THELOAI (MaKeSach,TenTheLoai) VALUES ('1110',N'Sách Thường Thức - Gia Đình');
INSERT INTO THELOAI (MaKeSach,TenTheLoai) VALUES ('1111',N'Sách Tâm lý - Giới tính');
INSERT INTO THELOAI (MaKeSach,TenTheLoai) VALUES ('1112',N'Sách Y Học');
INSERT INTO THELOAI (MaKeSach,TenTheLoai) VALUES ('1113',N'Sách kỹ năng sống');
INSERT INTO THELOAI (MaKeSach,TenTheLoai) VALUES ('1114',N'Sách kinh tế ');
INSERT INTO THELOAI (MaKeSach,TenTheLoai) VALUES ('1110',N'Sách thiếu nhi');
INSERT INTO THELOAI (MaKeSach,TenTheLoai) VALUES ('1111',N'Sách Lịch sử');
INSERT INTO THELOAI (MaKeSach,TenTheLoai) VALUES ('1112',N'Sách Văn Hóa - Địa Lý - Du Lịch');
INSERT INTO THELOAI (MaKeSach,TenTheLoai) VALUES ('1113',N'Sách Tôn Giáo - Tâm Linh');

-- Insert KHO
INSERT INTO KHO (MaKho,TenKho,DiaChiKho) VALUES ('221',N'Kho 1A',N'Phòng 301 , Tầng 3, Tòa H2 ');
INSERT INTO KHO (MaKho,TenKho,DiaChiKho) VALUES ('222',N'Kho 1B',N'Phòng 302 , Tầng 3, Tòa H2 ');
INSERT INTO KHO (MaKho,TenKho,DiaChiKho) VALUES ('331',N'Kho 2A',N'Phòng 401 , Tầng 4, Tòa H2 ');
INSERT INTO KHO (MaKho,TenKho,DiaChiKho) VALUES ('332',N'Kho 2B ',N'Phòng 402 , Tầng 4, Tòa H2 ');
INSERT INTO KHO (MaKho,TenKho,DiaChiKho) VALUES ('433',N'Kho C ',N'Phòng 403,Tầng 4 ,Tòa H2 ');
INSERT INTO KHO (MaKho,TenKho,DiaChiKho) VALUES ('1',N'Kho X1',N'Tầng 1, Thư viện Khu B, HVKTQS');
INSERT INTO KHO (MaKho,TenKho,DiaChiKho) VALUES ('2',N'Kho X2',N'Tầng 2, Thư viện Khu B, HVKTQS');
INSERT INTO KHO (MaKho,TenKho,DiaChiKho) VALUES ('3',N'Kho V1',N'Phòng 101, Thư viện cs Vĩnh Yên, HVKTQS');
INSERT INTO KHO (MaKho,TenKho,DiaChiKho) VALUES ('4',N'Kho V2',N'Phòng 102, Thư viện cs Vĩnh Yên, HVKTQS');
INSERT INTO KHO (MaKho,TenKho,DiaChiKho) VALUES ('5',N'Kho V3',N'Phòng 103, Thư viện cs Vĩnh Yên, HVKTQS');

-- Insert Nhà cung cấp - NCC
INSERT INTO NCC (MaNCC,TenNCC,DiaChiNCC,SDT_NCC) VALUES ('4441',N'Skybooks',N'Số 50 đường 5, TTF 361 An Dương, Tây Hồ, Hà Nội','437172838');
INSERT INTO NCC (MaNCC,TenNCC,DiaChiNCC,SDT_NCC) VALUES ('4442',N'Công ty cổ phần MTV Hà Nội','38, ngách 88b, ngõ 49, phố Thúy Lĩnh, Phường Lĩnh Nam,  Hoàng Mai, Hà Nội','436805252');
INSERT INTO NCC (MaNCC,TenNCC,DiaChiNCC,SDT_NCC) VALUES ('4443',N'NXB Trẻ ','161B Lý Chính Thắng, Phường 7,Quận 3,Hồ Chí Minh.','839316289');
INSERT INTO NCC (MaNCC,TenNCC,DiaChiNCC,SDT_NCC) VALUES ('4444',N'Nhà Sách Trí Việt ','234 Tây Sơn, Trung Liệt, Đống Đa, Hà Nội','983928269');
INSERT INTO NCC (MaNCC,TenNCC,DiaChiNCC,SDT_NCC) VALUES ('4445',N'Thiên Long ',N'Số 7/33 Ngõ 199 Hồ Tùng Mậu - Phường Cầu Diễn - Quận Nam Từ Liêm - Hà Nội','969318982');
INSERT INTO NCC (MaNCC,TenNCC,DiaChiNCC,SDT_NCC) VALUES ('4446',N'Tiki Trading','52 Út Tịch, phường 4, quận Tân Bình, thành phố Hồ Chí Minh','19006035');
INSERT INTO NCC (MaNCC,TenNCC,DiaChiNCC,SDT_NCC) VALUES ('4447',N'Nhà sách Fahasa','60 - 62 Lê Lợi, Quận 1, TP. HCM, Việt Nam','1900636467');
INSERT INTO NCC (MaNCC,TenNCC,DiaChiNCC,SDT_NCC) VALUES ('4448',N'Nhà sách Thanh Hà',N'Thanh Hà Books NV5.36 khu đô thị Viglacera phường Tây Mỗ quận Nam Từ Liêm, Từ Liêm','0388553222');
INSERT INTO NCC (MaNCC,TenNCC,DiaChiNCC,SDT_NCC) VALUES ('4449',N' ALPHA BOOKS','176 Thái Hà, Trung Liệt, Đống Đa, Hà Nội','0932329959');
INSERT INTO NCC (MaNCC,TenNCC,DiaChiNCC,SDT_NCC) VALUES ('4450',N' AZ VIỆT NAM',N'Số 56 - Đường 5 - Khu tập thể F361 - phố An Dương - P. Yên Phụ - Q.Tây Hồ - HN','432567333');
INSERT INTO NCC (MaNCC,TenNCC,DiaChiNCC,SDT_NCC) VALUES ('4451',N'FIRST NEWS TRÍ VIỆT','11H Nguyễn Thị Minh Khai, Phường Bến Nghé, Quận 1, Thành phố Hồ Chí Minh','838227979');
INSERT INTO NCC (MaNCC,TenNCC,DiaChiNCC,SDT_NCC) VALUES ('4452',N' Văn Hóa Văn Lang','06 Nguyễn Trung Trực, P.5, Q. Bình Thạnh, TP.HCM','838242157');
INSERT INTO NCC (MaNCC,TenNCC,DiaChiNCC,SDT_NCC) VALUES ('4453',N'Nhà sách Thái Hà','119 C5 Tô Hiệu, Khu tập thể Nghĩa Tân, Cầu Giấy, Hà Nội','462813638');
INSERT INTO NCC (MaNCC,TenNCC,DiaChiNCC,SDT_NCC) VALUES ('4454',N'TÂN VIỆT',N' 449 Bạch Mai - Hai Bà Trưng - Hà Nội','39728108');
INSERT INTO NCC (MaNCC,TenNCC,DiaChiNCC,SDT_NCC) VALUES ('4455',N' CTY CP MTV HÀ NỘI',N'số 17 Ngô Quyền – 34 Tràng Tiền, phường Tràng Tiền, quận Hoàn Kiếm, TP Hà Nội','43934063');
INSERT INTO NCC (MaNCC,TenNCC,DiaChiNCC,SDT_NCC) VALUES ('4456',N'PANDA BOOKS',N'B8/20 Đầm Trấu, Hai Bà Trưng, Hà Nội., Bạch Đằng, Hai Bà Trưng, Hà Nội','38569432');
INSERT INTO NCC (MaNCC,TenNCC,DiaChiNCC,SDT_NCC) VALUES ('4457',N' SÁCH MINH LONG',N'Nhà Số 1, Lô A7, Khu Đô Thị Đầm Trấu, Phường Bạch Đằng, Quận Hai Bà Trưng, Thành Phố Hà Nội','62943819');
INSERT INTO NCC (MaNCC,TenNCC,DiaChiNCC,SDT_NCC) VALUES ('4458',N'Vinabook JSC','44 Xô Viết Nghệ Tĩnh, Phường 19, Quận Bình Thạnh, TP. Hồ Chí Minh','35140632');
INSERT INTO NCC (MaNCC,TenNCC,DiaChiNCC,SDT_NCC) VALUES ('4459',N'Nhà Sách Sao Mai','71 Đông Hồ, phường 8, quận Tân Bình, Thành phố Hồ Chí Minh','0862935574');

-- Insert Nhà xuất bản  - NXB
INSERT INTO NXB (MaNXB,TenNXB,DiaChiNXB,SDT_NXB) VALUES ('551',N'NXB Phụ Nữ','39 Hàng Chuối, Q. Hai Bà Trưng, Hà Nội','39710717');
INSERT INTO NXB (MaNXB,TenNXB,DiaChiNXB,SDT_NXB) VALUES ('552',N'NXB Lao Động ','175 Giảng Võ, Đống Đa, Hà Nội175 Giảng Võ, Đống Đa, Hà Nội','38515380');
INSERT INTO NXB (MaNXB,TenNXB,DiaChiNXB,SDT_NXB) VALUES ('553',N'NXB Trẻ','62 Nguyễn Thị Minh Khai, Phường Đa Kao, Quận 1, TP.HCM','38225340');
INSERT INTO NXB (MaNXB,TenNXB,DiaChiNXB,SDT_NXB) VALUES ('554',N'NXB Kim Đồng ','55 Quang Trung, Hai Bà Trưng, Hà Nội','439434730');
INSERT INTO NXB (MaNXB,TenNXB,DiaChiNXB,SDT_NXB) VALUES ('555',N'NXB Hà Nội',N'Số 4, phố Tống Duy Tân, quận Hoàn Kiếm, thành phố Hà Nội','438252916');
INSERT INTO NXB (MaNXB,TenNXB,DiaChiNXB,SDT_NXB) VALUES ('556',N'NXB Tổng hợp thành phố Hồ Chí Minh','62 Nguyễn Thị Minh Khai, Phường Đa Kao, Quận 1, TP.HCM','838225340');
INSERT INTO NXB (MaNXB,TenNXB,DiaChiNXB,SDT_NXB) VALUES ('557',N'NXB chính trị quốc gia sự thật',N'Số 6/86 Duy Tân, Cầu Giấy, Hà Nội; ','28049221');
INSERT INTO NXB (MaNXB,TenNXB,DiaChiNXB,SDT_NXB) VALUES ('558',N'NXB giáo dục','81 Trần Hưng Đạo, Hà Nội','38220801');
INSERT INTO NXB (MaNXB,TenNXB,DiaChiNXB,SDT_NXB) VALUES ('559',N'NXB Hội Nhà văn',N'Số 65 Nguyễn Du, Hà Nội','38222135');
INSERT INTO NXB (MaNXB,TenNXB,DiaChiNXB,SDT_NXB) VALUES ('560',N'NXB Tư pháp',N'Số 35 Trần Quốc Toản, Hoàn Kiếm, Hà Nội','62632078');
INSERT INTO NXB (MaNXB,TenNXB,DiaChiNXB,SDT_NXB) VALUES ('561',N'NXB thông tin và truyền thông',N'Tầng 6, Tòa nhà Cục Tần số Vô tuyến điện, số 115 Trần Duy Hưng, Hà Nội ','035772145');
INSERT INTO NXB (MaNXB,TenNXB,DiaChiNXB,SDT_NXB) VALUES ('562',N'NXB giao thông vận tải','80B Trần Hưng Đạo, Hoàn Kiếm, Hà Nội','0243942334');
INSERT INTO NXB (MaNXB,TenNXB,DiaChiNXB,SDT_NXB) VALUES ('563',N'NXB Đại học Quốc Gia Hà Nội','16 Hàng Chuối, Phạm Đình Hổ, Hai Bà Trưng, Hà Nội','039714896');
INSERT INTO NXB (MaNXB,TenNXB,DiaChiNXB,SDT_NXB) VALUES ('564',N'NXB Đại học Quốc gia Thành phố Hồ Chí Minh',N'Khu phố 6, P. Linh Trung, Q. Thủ Đức, TP. HCM','066817058');
INSERT INTO NXB (MaNXB,TenNXB,DiaChiNXB,SDT_NXB) VALUES ('565',N'NXB Văn Học','18, Nguyễn Trường Tộ, Trúc Bạch, Ba Đình, Hà Nội',N'');
INSERT INTO NXB (MaNXB,TenNXB,DiaChiNXB,SDT_NXB) VALUES ('566',N'NXB Đại học Oxford',N'Đại học Oxford',N'');
INSERT INTO NXB (MaNXB,TenNXB,DiaChiNXB,SDT_NXB) VALUES ('567',N'NXB Đại học Cambridge',N'Đại học Cambridge',N'');
INSERT INTO NXB (MaNXB,TenNXB,DiaChiNXB,SDT_NXB) VALUES ('568',N'NXB Hồng Đức','65, Tràng Thi, Hà Nội',N'');
INSERT INTO NXB (MaNXB,TenNXB,DiaChiNXB,SDT_NXB) VALUES ('569',N'NXB Tri Thức',N'Tầng 1, Tòa nhà VUSTA, 53, Nguyễn Du, Hai Bà Trưng, Hà Nội','039454661');
INSERT INTO NXB (MaNXB,TenNXB,DiaChiNXB,SDT_NXB) VALUES ('570',N'NXB QUÂN ĐỘI NHÂN DÂN ','23 Lý Nam Đế, Hoàn Kiếm, Hà Nội','28455766');
INSERT INTO NXB (MaNXB,TenNXB,DiaChiNXB,SDT_NXB) VALUES ('571',N'NXB Thế giới','46 Trần Hưng Đạo, Hàng Bài, Hoàn Kiếm, Hà Nội ','038253841');

-- Insert THETHUVIEN
INSERT INTO THETHUVIEN (MaThe,TrangThai,NgayHetHan,SoLanGiaHan) VALUES ('17150001',N'Còn Hạn ','2/9/2022','2');
INSERT INTO THETHUVIEN (MaThe,TrangThai,NgayHetHan,SoLanGiaHan) VALUES ('17150002',N'Còn Hạn ','8/4/2022','2');
INSERT INTO THETHUVIEN (MaThe,TrangThai,NgayHetHan,SoLanGiaHan) VALUES ('17150003',N'Còn Hạn ','5/3/2023','3');
INSERT INTO THETHUVIEN (MaThe,TrangThai,NgayHetHan,SoLanGiaHan) VALUES ('17150004',N'Còn Hạn ','12/12/2023','0');
INSERT INTO THETHUVIEN (MaThe,TrangThai,NgayHetHan,SoLanGiaHan) VALUES ('17150005',N'Còn Hạn ','12/12/2023','1');
INSERT INTO THETHUVIEN (MaThe,TrangThai,NgayHetHan,SoLanGiaHan) VALUES ('18150230',N'Còn Hạn ','11/13/2022','1');
INSERT INTO THETHUVIEN (MaThe,TrangThai,NgayHetHan,SoLanGiaHan) VALUES ('18150169',N'Còn Hạn ','2/9/2022','1');
INSERT INTO THETHUVIEN (MaThe,TrangThai,NgayHetHan,SoLanGiaHan) VALUES ('18150232',N'Còn Hạn ','8/4/2022','1');
INSERT INTO THETHUVIEN (MaThe,TrangThai,NgayHetHan,SoLanGiaHan) VALUES ('18150172',N'Còn Hạn ','5/3/2023','1');
INSERT INTO THETHUVIEN (MaThe,TrangThai,NgayHetHan,SoLanGiaHan) VALUES ('18150173',N'Còn Hạn ','12/12/2023','1');
INSERT INTO THETHUVIEN (MaThe,TrangThai,NgayHetHan,SoLanGiaHan) VALUES ('18150174',N'Còn Hạn ','11/13/2022','1');
INSERT INTO THETHUVIEN (MaThe,TrangThai,NgayHetHan,SoLanGiaHan) VALUES ('18150233',N'Còn Hạn ','2/9/2022','1');
INSERT INTO THETHUVIEN (MaThe,TrangThai,NgayHetHan,SoLanGiaHan) VALUES ('18150171',N'Còn Hạn ','8/4/2022','1');
INSERT INTO THETHUVIEN (MaThe,TrangThai,NgayHetHan,SoLanGiaHan) VALUES ('18150234',N'Còn Hạn ','5/3/2023','1');
INSERT INTO THETHUVIEN (MaThe,TrangThai,NgayHetHan,SoLanGiaHan) VALUES ('18150238',N'Còn Hạn ','12/12/2023','1');
INSERT INTO THETHUVIEN (MaThe,TrangThai,NgayHetHan,SoLanGiaHan) VALUES ('17150693',N'Còn Hạn ','11/13/2022','1');
INSERT INTO THETHUVIEN (MaThe,TrangThai,NgayHetHan,SoLanGiaHan) VALUES ('17150085',N'Còn Hạn ','2/9/2022','1');
INSERT INTO THETHUVIEN (MaThe,TrangThai,NgayHetHan,SoLanGiaHan) VALUES ('18150175',N'Còn Hạn ','12/12/2023','1');
INSERT INTO THETHUVIEN (MaThe,TrangThai,NgayHetHan,SoLanGiaHan) VALUES ('16150084',N'Còn Hạn ','11/13/2022','2');
INSERT INTO THETHUVIEN (MaThe,TrangThai,NgayHetHan,SoLanGiaHan) VALUES ('18150179',N'Còn Hạn ','2/9/2022','3');
INSERT INTO THETHUVIEN (MaThe,TrangThai,NgayHetHan,SoLanGiaHan) VALUES ('16150229',N'Còn Hạn ','12/12/2023','4');
INSERT INTO THETHUVIEN (MaThe,TrangThai,NgayHetHan,SoLanGiaHan) VALUES ('15150015',N'Còn Hạn ','11/13/2022','2');
INSERT INTO THETHUVIEN (MaThe,TrangThai,NgayHetHan,SoLanGiaHan) VALUES ('18150123',N'Còn Hạn ','2/9/2022','1');
INSERT INTO THETHUVIEN (MaThe,TrangThai,NgayHetHan,SoLanGiaHan) VALUES ('18150187',N'Còn Hạn ','3/17/2023','1');
INSERT INTO THETHUVIEN (MaThe,TrangThai,NgayHetHan,SoLanGiaHan) VALUES ('18150188',N'Còn Hạn ','11/6/2021','2');
INSERT INTO THETHUVIEN (MaThe,TrangThai,NgayHetHan,SoLanGiaHan) VALUES ('18150185',N'Còn Hạn ','5/28/2023','2');
INSERT INTO THETHUVIEN (MaThe,TrangThai,NgayHetHan,SoLanGiaHan) VALUES ('17151004',N'Còn Hạn ','10/25/2021','2');
INSERT INTO THETHUVIEN (MaThe,TrangThai,NgayHetHan,SoLanGiaHan) VALUES ('18150248',N'Còn Hạn ','5/12/2021','2');
INSERT INTO THETHUVIEN (MaThe,TrangThai,NgayHetHan,SoLanGiaHan) VALUES ('18150249',N'Còn Hạn ','10/23/2023','2');
INSERT INTO THETHUVIEN (MaThe,TrangThai,NgayHetHan,SoLanGiaHan) VALUES ('18150181',N'Còn Hạn ','9/27/2023','2');
INSERT INTO THETHUVIEN (MaThe,TrangThai,NgayHetHan,SoLanGiaHan) VALUES ('17150008',N'Còn Hạn ','3/14/2021','2');
INSERT INTO THETHUVIEN (MaThe,TrangThai,NgayHetHan,SoLanGiaHan) VALUES ('17150424',N'Còn Hạn ','8/28/2021','1');
INSERT INTO THETHUVIEN (MaThe,TrangThai,NgayHetHan,SoLanGiaHan) VALUES ('17150010',N'Còn Hạn ','3/15/2021','3');
INSERT INTO THETHUVIEN (MaThe,TrangThai,NgayHetHan,SoLanGiaHan) VALUES ('18150183',N'Còn Hạn ','6/27/2023','2');
INSERT INTO THETHUVIEN (MaThe,TrangThai,NgayHetHan,SoLanGiaHan) VALUES ('18150246',N'Còn Hạn ','11/22/2022','3');
INSERT INTO THETHUVIEN (MaThe,TrangThai,NgayHetHan,SoLanGiaHan) VALUES ('18150189',N'Còn Hạn ','8/28/2022','2');
INSERT INTO THETHUVIEN (MaThe,TrangThai,NgayHetHan,SoLanGiaHan) VALUES ('17150020',N'Còn Hạn ','9/29/2021','1');
INSERT INTO THETHUVIEN (MaThe,TrangThai,NgayHetHan,SoLanGiaHan) VALUES ('18150190',N'Còn Hạn ','2/23/2023','3');
INSERT INTO THETHUVIEN (MaThe,TrangThai,NgayHetHan,SoLanGiaHan) VALUES ('16150100',N'Còn Hạn ','6/6/2021','3');
INSERT INTO THETHUVIEN (MaThe,TrangThai,NgayHetHan,SoLanGiaHan) VALUES ('18150255',N'Còn Hạn ','1/22/2023','1');
INSERT INTO THETHUVIEN (MaThe,TrangThai,NgayHetHan,SoLanGiaHan) VALUES ('18150256',N'Còn Hạn ','5/28/2021','1');
INSERT INTO THETHUVIEN (MaThe,TrangThai,NgayHetHan,SoLanGiaHan) VALUES ('18150257',N'Còn Hạn ','9/1/2021','4');
INSERT INTO THETHUVIEN (MaThe,TrangThai,NgayHetHan,SoLanGiaHan) VALUES ('17151003',N'Còn Hạn ','11/26/2023','1');
INSERT INTO THETHUVIEN (MaThe,TrangThai,NgayHetHan,SoLanGiaHan) VALUES ('17150111',N'Còn Hạn ','7/27/2021','3');
INSERT INTO THETHUVIEN (MaThe,TrangThai,NgayHetHan,SoLanGiaHan) VALUES ('17150028',N'Còn Hạn ','5/31/2021','2');
INSERT INTO THETHUVIEN (MaThe,TrangThai,NgayHetHan,SoLanGiaHan) VALUES ('18150139',N'Còn Hạn ','11/4/2021','3');
INSERT INTO THETHUVIEN (MaThe,TrangThai,NgayHetHan,SoLanGiaHan) VALUES ('14150503',N'Còn Hạn ','8/13/2023','0');
INSERT INTO THETHUVIEN (MaThe,TrangThai,NgayHetHan,SoLanGiaHan) VALUES ('15151019',N'Còn Hạn ','9/8/2023','0');
INSERT INTO THETHUVIEN (MaThe,TrangThai,NgayHetHan,SoLanGiaHan) VALUES ('17150029',N'Còn Hạn ','2/10/2023','0');
INSERT INTO THETHUVIEN (MaThe,TrangThai,NgayHetHan,SoLanGiaHan) VALUES ('17150031',N'Còn Hạn ','8/16/2021','0');
INSERT INTO THETHUVIEN (MaThe,TrangThai,NgayHetHan,SoLanGiaHan) VALUES ('18150193',N'Còn Hạn ','8/12/2022','1');
INSERT INTO THETHUVIEN (MaThe,TrangThai,NgayHetHan,SoLanGiaHan) VALUES ('18150266',N'Còn Hạn ','2/17/2023','0');
INSERT INTO THETHUVIEN (MaThe,TrangThai,NgayHetHan,SoLanGiaHan) VALUES ('15150830',N'Còn Hạn ','7/11/2023','1');
INSERT INTO THETHUVIEN (MaThe,TrangThai,NgayHetHan,SoLanGiaHan) VALUES ('15150004',N'Còn Hạn ','8/16/2022','4');
INSERT INTO THETHUVIEN (MaThe,TrangThai,NgayHetHan,SoLanGiaHan) VALUES ('17150123',N'Còn Hạn ','5/11/2022','0');
INSERT INTO THETHUVIEN (MaThe,TrangThai,NgayHetHan,SoLanGiaHan) VALUES ('16151459',N'Còn Hạn ','1/14/2023','0');
INSERT INTO THETHUVIEN (MaThe,TrangThai,NgayHetHan,SoLanGiaHan) VALUES ('18150142',N'Còn Hạn ','5/8/2021','1');
INSERT INTO THETHUVIEN (MaThe,TrangThai,NgayHetHan,SoLanGiaHan) VALUES ('16150330',N'Còn Hạn ','8/12/2022','3');
INSERT INTO THETHUVIEN (MaThe,TrangThai,NgayHetHan,SoLanGiaHan) VALUES ('18150194',N'Còn Hạn ','11/18/2023','4');
INSERT INTO THETHUVIEN (MaThe,TrangThai,NgayHetHan,SoLanGiaHan) VALUES ('18150196',N'Còn Hạn ','7/12/2021','4');
INSERT INTO THETHUVIEN (MaThe,TrangThai,NgayHetHan,SoLanGiaHan) VALUES ('17150132',N'Còn Hạn ','4/27/2021','3');
INSERT INTO THETHUVIEN (MaThe,TrangThai,NgayHetHan,SoLanGiaHan) VALUES ('18150198',N'Còn Hạn ','7/11/2021','3');
INSERT INTO THETHUVIEN (MaThe,TrangThai,NgayHetHan,SoLanGiaHan) VALUES ('18150199',N'Còn Hạn ','3/29/2021','2');
INSERT INTO THETHUVIEN (MaThe,TrangThai,NgayHetHan,SoLanGiaHan) VALUES ('16150116',N'Còn Hạn ','1/25/2023','1');
INSERT INTO THETHUVIEN (MaThe,TrangThai,NgayHetHan,SoLanGiaHan) VALUES ('18150202',N'Còn Hạn ','10/28/2022','2');
INSERT INTO THETHUVIEN (MaThe,TrangThai,NgayHetHan,SoLanGiaHan) VALUES ('16150180',N'Còn Hạn ','7/31/2022','2');
INSERT INTO THETHUVIEN (MaThe,TrangThai,NgayHetHan,SoLanGiaHan) VALUES ('16150776',N'Còn Hạn ','10/9/2022','1');
INSERT INTO THETHUVIEN (MaThe,TrangThai,NgayHetHan,SoLanGiaHan) VALUES ('17150150',N'Còn Hạn ','3/29/2021','4');
INSERT INTO THETHUVIEN (MaThe,TrangThai,NgayHetHan,SoLanGiaHan) VALUES ('16150120',N'Còn Hạn ','2/17/2022','3');
INSERT INTO THETHUVIEN (MaThe,TrangThai,NgayHetHan,SoLanGiaHan) VALUES ('15151042',N'Còn Hạn ','9/12/2021','0');
INSERT INTO THETHUVIEN (MaThe,TrangThai,NgayHetHan,SoLanGiaHan) VALUES ('18150206',N'Còn Hạn ','1/5/2021','0');
INSERT INTO THETHUVIEN (MaThe,TrangThai,NgayHetHan,SoLanGiaHan) VALUES ('16151466',N'Còn Hạn ','7/5/2023','0');
INSERT INTO THETHUVIEN (MaThe,TrangThai,NgayHetHan,SoLanGiaHan) VALUES ('17150342',N'Còn Hạn ','12/26/2023','0');
INSERT INTO THETHUVIEN (MaThe,TrangThai,NgayHetHan,SoLanGiaHan) VALUES ('17150049',N'Còn Hạn ','12/22/2023','3');
INSERT INTO THETHUVIEN (MaThe,TrangThai,NgayHetHan,SoLanGiaHan) VALUES ('15151183',N'Còn Hạn ','1/20/2021','3');
INSERT INTO THETHUVIEN (MaThe,TrangThai,NgayHetHan,SoLanGiaHan) VALUES ('16151649',N'Còn Hạn ','9/18/2023','4');
INSERT INTO THETHUVIEN (MaThe,TrangThai,NgayHetHan,SoLanGiaHan) VALUES ('17150163',N'Còn Hạn ','7/15/2021','3');
INSERT INTO THETHUVIEN (MaThe,TrangThai,NgayHetHan,SoLanGiaHan) VALUES ('17150052',N'Còn Hạn ','7/22/2021','2');
INSERT INTO THETHUVIEN (MaThe,TrangThai,NgayHetHan,SoLanGiaHan) VALUES ('18150208',N'Còn Hạn ','6/25/2022','2');
INSERT INTO THETHUVIEN (MaThe,TrangThai,NgayHetHan,SoLanGiaHan) VALUES ('16150190',N'Còn Hạn ','4/2/2022','3');
INSERT INTO THETHUVIEN (MaThe,TrangThai,NgayHetHan,SoLanGiaHan) VALUES ('17150504',N'Còn Hạn ','5/21/2023','1');
INSERT INTO THETHUVIEN (MaThe,TrangThai,NgayHetHan,SoLanGiaHan) VALUES ('16150345',N'Còn Hạn ','3/2/2023','1');
INSERT INTO THETHUVIEN (MaThe,TrangThai,NgayHetHan,SoLanGiaHan) VALUES ('18150211',N'Còn Hạn ','6/17/2022','4');
INSERT INTO THETHUVIEN (MaThe,TrangThai,NgayHetHan,SoLanGiaHan) VALUES ('18150212',N'Còn Hạn ','7/24/2022','0');


-- Insert VIPHAM
INSERT INTO VIPHAM (MaViPham,TenViPham,GhiChu,MaThe) VALUES ('7878',N'Mất Sách ',N'','16150180');
INSERT INTO VIPHAM (MaViPham,TenViPham,GhiChu,MaThe) VALUES ('7879',N'Giữ sách quá hạn',N'','17150150');
INSERT INTO VIPHAM (MaViPham,TenViPham,GhiChu,MaThe) VALUES ('7890',N'Mất, hỏng tem mã vạch ',N'','17150342');
INSERT INTO VIPHAM (MaViPham,TenViPham,GhiChu,MaThe) VALUES ('7891',N'Rách bìa, bung bìa ',N'','17150052');
INSERT INTO VIPHAM (MaViPham,TenViPham,GhiChu,MaThe) VALUES ('7892',N'Bẩn sách',N'','18150211');
INSERT INTO VIPHAM (MaViPham,TenViPham,GhiChu,MaThe) VALUES ('7893',N'Mất Sách ',N'','16150190');
INSERT INTO VIPHAM (MaViPham,TenViPham,GhiChu,MaThe) VALUES ('7894',N'Rách trang',N'','18150198');
INSERT INTO VIPHAM (MaViPham,TenViPham,GhiChu,MaThe) VALUES ('7895',N'Rách trang',N'','18150246');
INSERT INTO VIPHAM (MaViPham,TenViPham,GhiChu,MaThe) VALUES ('7896',N'Giữ sách quá hạn',N'','15151183');
INSERT INTO VIPHAM (MaViPham,TenViPham,GhiChu,MaThe) VALUES ('7897',N'Giữ sách quá hạn',N'','18150179');
INSERT INTO VIPHAM (MaViPham,TenViPham,GhiChu,MaThe) VALUES ('7898',N'Giữ sách quá hạn',N'','15150015');
INSERT INTO VIPHAM (MaViPham,TenViPham,GhiChu,MaThe) VALUES ('7899',N'Giữ sách quá hạn',N'','18150234');
INSERT INTO VIPHAM (MaViPham,TenViPham,GhiChu,MaThe) VALUES ('7900',N'Giữ sách quá hạn',N'','17150132');
INSERT INTO VIPHAM (MaViPham,TenViPham,GhiChu,MaThe) VALUES ('7901',N'Giữ sách quá hạn',N'','18150142');
INSERT INTO VIPHAM (MaViPham,TenViPham,GhiChu,MaThe) VALUES ('7902',N'Mất mã vạch',N'','17150123');
INSERT INTO VIPHAM (MaViPham,TenViPham,GhiChu,MaThe) VALUES ('7903',N'Mất Sách ',N'','18150246');
INSERT INTO VIPHAM (MaViPham,TenViPham,GhiChu,MaThe) VALUES ('7904',N'Mất Sách ',N'','18150248');
INSERT INTO VIPHAM (MaViPham,TenViPham,GhiChu,MaThe) VALUES ('7905',N'Giữ sách quá hạn',N'','16150100');
INSERT INTO VIPHAM (MaViPham,TenViPham,GhiChu,MaThe) VALUES ('7906',N'Giữ sách quá hạn',N'','17150085');
INSERT INTO VIPHAM (MaViPham,TenViPham,GhiChu,MaThe) VALUES ('7907',N'Giữ sách quá hạn',N'','16151466');

-- Insert DOCGIA
INSERT INTO DOCGIA (MaDocGia,HoTenDocGia,Lop,NgaySinh,DiaChi,SDT,MaThe) VALUES ('1111110',N'Nguyễn Vũ hải Anh ',N'KTPM16','4/13/1999',N'Hà Nội','367069763','17150001');
INSERT INTO DOCGIA (MaDocGia,HoTenDocGia,Lop,NgaySinh,DiaChi,SDT,MaThe) VALUES ('1111111',N'Phạm Đức Anh',N'KTPM16','7/15/1999',N'Ninh Bình','364974368','17150002');
INSERT INTO DOCGIA (MaDocGia,HoTenDocGia,Lop,NgaySinh,DiaChi,SDT,MaThe) VALUES ('1111112',N'Phạm Hoàng Anh',N'KTPM16','4/8/1999',N'Hải Dương','966166821','17150003');
INSERT INTO DOCGIA (MaDocGia,HoTenDocGia,Lop,NgaySinh,DiaChi,SDT,MaThe) VALUES ('1111113',N'Trần Đức Anh',N'KTPM16','1/26/1999',N'Hà Nội','971889405','17150004');
INSERT INTO DOCGIA (MaDocGia,HoTenDocGia,Lop,NgaySinh,DiaChi,SDT,MaThe) VALUES ('1111114',N'Trần Tuấn Anh',N'KTPM16','7/9/1999',N'Hà Nội','397114855','17150005');
INSERT INTO DOCGIA (MaDocGia,HoTenDocGia,Lop,NgaySinh,DiaChi,SDT,MaThe) VALUES ('1111115',N'CAO HẢI ANH',N'TDH17','11/29/2000',N'Quảng Ninh','957525471','18150230');
INSERT INTO DOCGIA (MaDocGia,HoTenDocGia,Lop,NgaySinh,DiaChi,SDT,MaThe) VALUES ('1111116',N'ĐỖ ĐỨC ANH',N'DTVT17','5/1/2000',N'Kon Tum','1517936087','18150169');
INSERT INTO DOCGIA (MaDocGia,HoTenDocGia,Lop,NgaySinh,DiaChi,SDT,MaThe) VALUES ('1111117',N'MAI QUANG VIỆT ANH',N'DKCN','11/11/2000',N'Bắc Ninh','905243600','18150232');
INSERT INTO DOCGIA (MaDocGia,HoTenDocGia,Lop,NgaySinh,DiaChi,SDT,MaThe) VALUES ('1111118',N'PHẠM ĐỨC ANH',N'DTVT17','10/12/2000',N'Quảng Bình','979012411','18150172');
INSERT INTO DOCGIA (MaDocGia,HoTenDocGia,Lop,NgaySinh,DiaChi,SDT,MaThe) VALUES ('1111119',N'TẠ NGỌC ANH',N'DTVT17','9/12/2000',N'Thừa Thiên Huế','989950469','18150173');
INSERT INTO DOCGIA (MaDocGia,HoTenDocGia,Lop,NgaySinh,DiaChi,SDT,MaThe) VALUES ('1111120',N'TRẦN TIẾN ANH',N'DTVT17','9/20/2000',N'Vĩnh Long','989970469','18150174');
INSERT INTO DOCGIA (MaDocGia,HoTenDocGia,Lop,NgaySinh,DiaChi,SDT,MaThe) VALUES ('1111121',N'NGUYỄN ĐĂNG NHẬT ANH',N'TDH17','11/13/2000',N'Ninh Thuận',N'','18150233');
INSERT INTO DOCGIA (MaDocGia,HoTenDocGia,Lop,NgaySinh,DiaChi,SDT,MaThe) VALUES ('1111122',N'NGUYỄN THẾ ANH',N'DTVT17','9/8/2000',N'Cà Mau',N'','18150171');
INSERT INTO DOCGIA (MaDocGia,HoTenDocGia,Lop,NgaySinh,DiaChi,SDT,MaThe) VALUES ('1111123',N'PHẠM THẾ ANH',N'DKCN','10/31/2000',N'Khánh Hòa',N'','18150234');
INSERT INTO DOCGIA (MaDocGia,HoTenDocGia,Lop,NgaySinh,DiaChi,SDT,MaThe) VALUES ('1111124',N'TRỊNH XUÂN ANH',N'TDH17','3/28/2000',N'Đồng Nai','972755453','18150238');
INSERT INTO DOCGIA (MaDocGia,HoTenDocGia,Lop,NgaySinh,DiaChi,SDT,MaThe) VALUES ('1111125',N'PHẠM HOÀNG ANH',N'KTPM16','4/8/1999',N'Vĩnh Phúc',N'','17150003');
INSERT INTO DOCGIA (MaDocGia,HoTenDocGia,Lop,NgaySinh,DiaChi,SDT,MaThe) VALUES ('1111126',N'TRẦN THÁI BẢO',N'CNTT16A','3/14/1999',N'Phú Yên','983853567','17150085');
INSERT INTO DOCGIA (MaDocGia,HoTenDocGia,Lop,NgaySinh,DiaChi,SDT,MaThe) VALUES ('1111127',N'NGUYỄN ĐỨC BẮC',N'DTVT17','11/14/1999',N'Trà Vinh','915361779','18150175');
INSERT INTO DOCGIA (MaDocGia,HoTenDocGia,Lop,NgaySinh,DiaChi,SDT,MaThe) VALUES ('1111128',N'HOÀNG THỊ CHUNG',N'CNM15','8/7/1998',N'Thái Nguyên',N'','16150084');
INSERT INTO DOCGIA (MaDocGia,HoTenDocGia,Lop,NgaySinh,DiaChi,SDT,MaThe) VALUES ('1111129',N'ĐẬU THÀNH VĂN CHƯƠNG',N'DTVT17','8/1/2000',N'Ninh Bình',N'','18150179');
INSERT INTO DOCGIA (MaDocGia,HoTenDocGia,Lop,NgaySinh,DiaChi,SDT,MaThe) VALUES ('1111130',N'VŨ THÀNH CÔNG',N'HTTTQL15','3/16/1998',N'Thanh Hóa',N'','16150229');
INSERT INTO DOCGIA (MaDocGia,HoTenDocGia,Lop,NgaySinh,DiaChi,SDT,MaThe) VALUES ('1111131',N'Ngô Mạnh Cường',N'GAM&MP14','6/9/1997',N'Hậu Giang',N'','15150015');
INSERT INTO DOCGIA (MaDocGia,HoTenDocGia,Lop,NgaySinh,DiaChi,SDT,MaThe) VALUES ('1111132',N'NGUYỄN THÁI CƯỜNG',N'CDT17','7/9/2000',N'Hòa Bình','905629639','18150123');
INSERT INTO DOCGIA (MaDocGia,HoTenDocGia,Lop,NgaySinh,DiaChi,SDT,MaThe) VALUES ('1111133',N'PHONG ĐỨC DUY',N'DTVT17','10/4/2000',N'Quảng Trị',N'','18150187');
INSERT INTO DOCGIA (MaDocGia,HoTenDocGia,Lop,NgaySinh,DiaChi,SDT,MaThe) VALUES ('1111134',N'VŨ XUÂN DUY',N'DTVT17','12/5/2000',N'Vĩnh Long','977103776','18150188');
INSERT INTO DOCGIA (MaDocGia,HoTenDocGia,Lop,NgaySinh,DiaChi,SDT,MaThe) VALUES ('1111135',N'TĂNG VIỆT DŨNG',N'DTVT17','6/29/2000',N'Bạc Liêu','979024505','18150185');
INSERT INTO DOCGIA (MaDocGia,HoTenDocGia,Lop,NgaySinh,DiaChi,SDT,MaThe) VALUES ('1111136',N'NGUYỄN VĂN DŨNG',N'CNTT16A','11/23/1999',N'Đắk Nông',N'','17151004');
INSERT INTO DOCGIA (MaDocGia,HoTenDocGia,Lop,NgaySinh,DiaChi,SDT,MaThe) VALUES ('1111137',N'BÙI TUẤN DƯƠNG',N'TDH17','2/28/2000',N'Bắc Giang','905484808','18150248');
INSERT INTO DOCGIA (MaDocGia,HoTenDocGia,Lop,NgaySinh,DiaChi,SDT,MaThe) VALUES ('1111138',N'PHẠM HẢI DƯƠNG',N'DKCN','7/13/2000',N'Bắc Ninh','905484808','18150249');
INSERT INTO DOCGIA (MaDocGia,HoTenDocGia,Lop,NgaySinh,DiaChi,SDT,MaThe) VALUES ('1111139',N'NGUYỄN TIẾN ĐẠT',N'DTVT17','5/16/2000',N'Đồng Nai','984864072','18150181');
INSERT INTO DOCGIA (MaDocGia,HoTenDocGia,Lop,NgaySinh,DiaChi,SDT,MaThe) VALUES ('1111140',N'ĐẶNG QUANG ĐẠT',N'KTPM16','3/28/1999',N'Quảng Ninh',N'','17150008');
INSERT INTO DOCGIA (MaDocGia,HoTenDocGia,Lop,NgaySinh,DiaChi,SDT,MaThe) VALUES ('1111141',N'LÊ TIẾN ĐẠT',N'TDH 16','2/12/1999',N'Phú Yên','1685349007','17150424');
INSERT INTO DOCGIA (MaDocGia,HoTenDocGia,Lop,NgaySinh,DiaChi,SDT,MaThe) VALUES ('1111142',N'NGUYỄN THÀNH ĐẠT',N'KTPM16','11/4/1999',N'Long An',N'','17150010');
INSERT INTO DOCGIA (MaDocGia,HoTenDocGia,Lop,NgaySinh,DiaChi,SDT,MaThe) VALUES ('1111143',N'LÊ XUÂN ĐÔNG',N'DTVT17','1/31/2000',N'Kiên Giang','1234377007','18150183');
INSERT INTO DOCGIA (MaDocGia,HoTenDocGia,Lop,NgaySinh,DiaChi,SDT,MaThe) VALUES ('1111144',N'NGUYỄN MINH ĐỨC',N'TDH17','3/27/2000',N'Bình Dương',N'','18150246');
INSERT INTO DOCGIA (MaDocGia,HoTenDocGia,Lop,NgaySinh,DiaChi,SDT,MaThe) VALUES ('1111145',N'ĐỖ THỊ HƯƠNG GIANG',N'DTVT17','11/21/2000',N'Cà Mau','905669673','18150189');
INSERT INTO DOCGIA (MaDocGia,HoTenDocGia,Lop,NgaySinh,DiaChi,SDT,MaThe) VALUES ('1111146',N'NGUYỄN THỊ THU HÀ',N'KTPM16','2/7/1999',N'Cao Bằng','979793396','17150020');
INSERT INTO DOCGIA (MaDocGia,HoTenDocGia,Lop,NgaySinh,DiaChi,SDT,MaThe) VALUES ('1111147',N'NGUYỄN QUÍ HẢI',N'DTVT17','11/9/2000',N'Hà Nội','982005331','18150190');
INSERT INTO DOCGIA (MaDocGia,HoTenDocGia,Lop,NgaySinh,DiaChi,SDT,MaThe) VALUES ('1111148',N'ĐẶNG THỊ HIỀN',N'CNM15','2/24/1998',N'Tiền Giang','915003445','16150100');
INSERT INTO DOCGIA (MaDocGia,HoTenDocGia,Lop,NgaySinh,DiaChi,SDT,MaThe) VALUES ('1111149',N'ĐINH ĐỨC HIẾU',N'TDH17','7/2/2000',N'Lạng Sơn','935228199','18150255');
INSERT INTO DOCGIA (MaDocGia,HoTenDocGia,Lop,NgaySinh,DiaChi,SDT,MaThe) VALUES ('1111150',N'VŨ VĂN HIẾU',N'DKCN','5/5/2000',N'Cần Thơ',N'','18150256');
INSERT INTO DOCGIA (MaDocGia,HoTenDocGia,Lop,NgaySinh,DiaChi,SDT,MaThe) VALUES ('1111151',N'NGUYỄN VĂN HIỆU',N'TDH17','11/1/2000',N'Hà Nam',N'','18150257');
INSERT INTO DOCGIA (MaDocGia,HoTenDocGia,Lop,NgaySinh,DiaChi,SDT,MaThe) VALUES ('1111152',N'LỖ TRUNG HIẾU',N'CNTT16B','11/20/1999',N'Đồng Tháp',N'','17151003');
INSERT INTO DOCGIA (MaDocGia,HoTenDocGia,Lop,NgaySinh,DiaChi,SDT,MaThe) VALUES ('1111153',N'NGUYỄN MINH HIẾU',N'CNTT16A','1/2/1999',N'Nam Định',N'','17150111');
INSERT INTO DOCGIA (MaDocGia,HoTenDocGia,Lop,NgaySinh,DiaChi,SDT,MaThe) VALUES ('1111154',N'ĐINH THỊ HOÀI',N'KTPM16','11/3/1999',N'Ninh Thuận','0977632345','17150028');
INSERT INTO DOCGIA (MaDocGia,HoTenDocGia,Lop,NgaySinh,DiaChi,SDT,MaThe) VALUES ('1111155',N'LÊ VIỆT HOÀNG',N'CDT17','8/28/2000',N'Thanh Hóa',N'','18150139');
INSERT INTO DOCGIA (MaDocGia,HoTenDocGia,Lop,NgaySinh,DiaChi,SDT,MaThe) VALUES ('1111156',N'Lê Minh Hoàng',N'DPT13','4/30/1996',N'Vĩnh Long','935056206','14150503');
INSERT INTO DOCGIA (MaDocGia,HoTenDocGia,Lop,NgaySinh,DiaChi,SDT,MaThe) VALUES ('1111157',N'Mai Nhật Hoàng',N'DDT14C','3/22/1997',N'Cần Thơ','933540599','15151019');
INSERT INTO DOCGIA (MaDocGia,HoTenDocGia,Lop,NgaySinh,DiaChi,SDT,MaThe) VALUES ('1111158',N'NGUYỄN HOÀNG',N'KTPM16','7/23/1999',N'Nam Định',N'','17150029');
INSERT INTO DOCGIA (MaDocGia,HoTenDocGia,Lop,NgaySinh,DiaChi,SDT,MaThe) VALUES ('1111159',N'THÁI VIỆT HOÀNG',N'KTPM16','9/13/1999',N'Nghệ An','988201498','17150031');
INSERT INTO DOCGIA (MaDocGia,HoTenDocGia,Lop,NgaySinh,DiaChi,SDT,MaThe) VALUES ('1111160',N'DƯƠNG NGỌC HUY',N'DTVT17','9/2/2000',N'Sóc Trăng','935454511','18150193');
INSERT INTO DOCGIA (MaDocGia,HoTenDocGia,Lop,NgaySinh,DiaChi,SDT,MaThe) VALUES ('1111161',N'NGUYỄN QUANG HUY',N'TDH17','6/13/2000',N'Kon Tum','946186886','18150266');
INSERT INTO DOCGIA (MaDocGia,HoTenDocGia,Lop,NgaySinh,DiaChi,SDT,MaThe) VALUES ('1111162',N'Ngô Đình Huy',N'DTVT14','3/17/1997',N'Vĩnh Long','0946186898','15150830');
INSERT INTO DOCGIA (MaDocGia,HoTenDocGia,Lop,NgaySinh,DiaChi,SDT,MaThe) VALUES ('1111163',N'Phan Ngọc Huy',N'GAM&MP14','1/26/1997',N'Phú Yên','915301065','15150004');
INSERT INTO DOCGIA (MaDocGia,HoTenDocGia,Lop,NgaySinh,DiaChi,SDT,MaThe) VALUES ('1111164',N'ĐỒNG VĂN HÙNG',N'CNTT16A','8/20/1999',N'Vĩnh Long','983799417','17150123');
INSERT INTO DOCGIA (MaDocGia,HoTenDocGia,Lop,NgaySinh,DiaChi,SDT,MaThe) VALUES ('1111165',N'NGUYỄN TUẤN HÙNG',N'CNPM15','1/15/1998',N'Bến Tre','1224207990','16151459');
INSERT INTO DOCGIA (MaDocGia,HoTenDocGia,Lop,NgaySinh,DiaChi,SDT,MaThe) VALUES ('1111166',N'NGUYỄN QUANG HƯNG',N'CDT17','2/7/2000',N'Bình Dương','1666461274','18150142');
INSERT INTO DOCGIA (MaDocGia,HoTenDocGia,Lop,NgaySinh,DiaChi,SDT,MaThe) VALUES ('1111167',N'NGUYỄN VĂN KHÁ',N'CNDL15','11/9/1998',N'Bình Thuận','914033933','16150330');
INSERT INTO DOCGIA (MaDocGia,HoTenDocGia,Lop,NgaySinh,DiaChi,SDT,MaThe) VALUES ('1111168',N'CAO DUY KHANG',N'DTVT17','1/19/2000',N'Vĩnh Phúc','919083637','18150194');
INSERT INTO DOCGIA (MaDocGia,HoTenDocGia,Lop,NgaySinh,DiaChi,SDT,MaThe) VALUES ('1111169',N'NGUYỄN QUỐC KHÁNH',N'DTVT17','9/7/2000',N'Lai Châu','989638138','18150196');
INSERT INTO DOCGIA (MaDocGia,HoTenDocGia,Lop,NgaySinh,DiaChi,SDT,MaThe) VALUES ('1111170',N'ĐẶNG QUỐC KHÁNH',N'CNTT16B','7/1/1999',N'Bắc Kạn','979810948','17150132');
INSERT INTO DOCGIA (MaDocGia,HoTenDocGia,Lop,NgaySinh,DiaChi,SDT,MaThe) VALUES ('1111171',N'VŨ VIỆT LÂM',N'DTVT17','3/3/2000',N'Sóc Trăng',N'','18150198');
INSERT INTO DOCGIA (MaDocGia,HoTenDocGia,Lop,NgaySinh,DiaChi,SDT,MaThe) VALUES ('1111172',N'ĐẶNG THỊ LINH',N'DTVT17','6/12/2000',N'Quảng Ninh','1686688723','18150199');
INSERT INTO DOCGIA (MaDocGia,HoTenDocGia,Lop,NgaySinh,DiaChi,SDT,MaThe) VALUES ('1111173',N'HOÀNG NGỌC LINH',N'CNM15','3/11/1997',N'Đắk Lắk','915050122','16150116');
INSERT INTO DOCGIA (MaDocGia,HoTenDocGia,Lop,NgaySinh,DiaChi,SDT,MaThe) VALUES ('1111174',N'BÙI CÔNG LONG',N'DTVT17','9/4/2000',N'Sóc Trăng','914979516','18150202');
INSERT INTO DOCGIA (MaDocGia,HoTenDocGia,Lop,NgaySinh,DiaChi,SDT,MaThe) VALUES ('1111175',N'NGUYỄN HOÀNG LONG',N'CNPM15','4/1/1998',N'Hòa Bình','972624052','16150180');
INSERT INTO DOCGIA (MaDocGia,HoTenDocGia,Lop,NgaySinh,DiaChi,SDT,MaThe) VALUES ('1111176',N'NGUYỄN HỮU LỘC',N'CDT15B','7/31/1998',N'Quảng Bình','983211135','16150776');
INSERT INTO DOCGIA (MaDocGia,HoTenDocGia,Lop,NgaySinh,DiaChi,SDT,MaThe) VALUES ('1111177',N'ĐINH VĂN LỰC',N'CNTT16B','10/8/1999',N'Sóc Trăng',N'','17150150');
INSERT INTO DOCGIA (MaDocGia,HoTenDocGia,Lop,NgaySinh,DiaChi,SDT,MaThe) VALUES ('1111178',N'NGUYỄN HÙNG MẠNH',N'CNM15','5/7/1998',N'Quảng Ninh','942113606','16150120');
INSERT INTO DOCGIA (MaDocGia,HoTenDocGia,Lop,NgaySinh,DiaChi,SDT,MaThe) VALUES ('1111179',N'Thái Đức Mạnh',N'DDT14B','10/21/1997',N'Kon Tum',N'','15151042');
INSERT INTO DOCGIA (MaDocGia,HoTenDocGia,Lop,NgaySinh,DiaChi,SDT,MaThe) VALUES ('1111180',N'NGUYỄN THỊ MÂY',N'DTVT17','10/6/2000',N'Bắc Ninh','917679396','18150206');
INSERT INTO DOCGIA (MaDocGia,HoTenDocGia,Lop,NgaySinh,DiaChi,SDT,MaThe) VALUES ('1111181',N'HOÀNG QUANG MINH',N'CNPM15','2/24/1998',N'Quảng Bình',N'','16151466');
INSERT INTO DOCGIA (MaDocGia,HoTenDocGia,Lop,NgaySinh,DiaChi,SDT,MaThe) VALUES ('1111182',N'TRỊNH ĐỨC NHẬT MINH',N'DTVT16B','10/25/1999',N'Thừa Thiên Huế','905257433','17150342');
INSERT INTO DOCGIA (MaDocGia,HoTenDocGia,Lop,NgaySinh,DiaChi,SDT,MaThe) VALUES ('1111183',N'BÙI THỊ TRÀ MY',N'KTPM16','6/17/1999',N'Vĩnh Long','988616588','17150049');
INSERT INTO DOCGIA (MaDocGia,HoTenDocGia,Lop,NgaySinh,DiaChi,SDT,MaThe) VALUES ('1111184',N'Đoàn Quang Nam',N'ĐTYS14','9/13/1997',N'Ninh Thuận',N'','15151183');
INSERT INTO DOCGIA (MaDocGia,HoTenDocGia,Lop,NgaySinh,DiaChi,SDT,MaThe) VALUES ('1111185',N'LÊ PHƯƠNG NAM',N'CNM15','1/22/1998',N'Cà Mau',N'','16151649');
INSERT INTO DOCGIA (MaDocGia,HoTenDocGia,Lop,NgaySinh,DiaChi,SDT,MaThe) VALUES ('1111186',N'TRƯƠNG TUẤN NGHĨA',N'CNTT16A','5/21/1999',N'Khánh Hòa','919611828','17150163');
INSERT INTO DOCGIA (MaDocGia,HoTenDocGia,Lop,NgaySinh,DiaChi,SDT,MaThe) VALUES ('1111187',N'PHÙNG THỊ NGỌC',N'KTPM16','4/14/1999',N'Đồng Nai',N'','17150052');
INSERT INTO DOCGIA (MaDocGia,HoTenDocGia,Lop,NgaySinh,DiaChi,SDT,MaThe) VALUES ('1111188',N'ĐINH CÔNG PHONG',N'DTVT17','6/2/2000',N'Vĩnh Phúc','948192263','18150208');
INSERT INTO DOCGIA (MaDocGia,HoTenDocGia,Lop,NgaySinh,DiaChi,SDT,MaThe) VALUES ('1111189',N'NGUYỄN VĂN PHONG',N'CNPM15','9/28/1998',N'Phú Yên','914111707','16150190');
INSERT INTO DOCGIA (MaDocGia,HoTenDocGia,Lop,NgaySinh,DiaChi,SDT,MaThe) VALUES ('1111190',N'VŨ ĐÌNH QUANG',N'TDH 16','6/8/1999',N'Trà Vinh',N'','17150504');
INSERT INTO DOCGIA (MaDocGia,HoTenDocGia,Lop,NgaySinh,DiaChi,SDT,MaThe) VALUES ('1111191',N'NGUYỄN MINH QUÂN',N'CN_CNDL15','11/27/1998',N'Thái Nguyên','914145414','16150345');
INSERT INTO DOCGIA (MaDocGia,HoTenDocGia,Lop,NgaySinh,DiaChi,SDT,MaThe) VALUES ('1111192',N'NGUYỄN ĐÌNH NHƯ QUỲNH',N'DTVT17','3/8/2000',N'Ninh Bình',N'','18150211');
INSERT INTO DOCGIA (MaDocGia,HoTenDocGia,Lop,NgaySinh,DiaChi,SDT,MaThe) VALUES ('1111193',N'NGUYỄN XUÂN SƠN',N'DTVT17','9/5/2000',N'Thanh Hóa','982191252','18150212');

-- Insert DAUSACH
INSERT INTO DAUSACH (MaDauSach,TenDauSach,MaNXB) VALUES ('90',N'Mình Về Hà Nội Để Thương Nhau','551');
INSERT INTO DAUSACH (MaDauSach,TenDauSach,MaNXB) VALUES ('91',N'Tiếc Rằng Mình Chẳng Đợi Được Nhau ','551');
INSERT INTO DAUSACH (MaDauSach,TenDauSach,MaNXB) VALUES ('92',N'Có Một Cô Gái Thầm Yêu Anh ','552');
INSERT INTO DAUSACH (MaDauSach,TenDauSach,MaNXB) VALUES ('93',N'Tôi Thấy Hoa Vàng Trên Cỏ Xanh ','553');
INSERT INTO DAUSACH (MaDauSach,TenDauSach,MaNXB) VALUES ('94',N'Nhiệt Độ Ngôn Ngữ ','555');
INSERT INTO DAUSACH (MaDauSach,TenDauSach,MaNXB) VALUES ('95',N'Cô Gái Đến Từ Hôm Qua','553');
INSERT INTO DAUSACH (MaDauSach,TenDauSach,MaNXB) VALUES ('96',N'Mắt Biếc','553');
INSERT INTO DAUSACH (MaDauSach,TenDauSach,MaNXB) VALUES ('97',N'Cho Tôi Xin Một Vé Đi Tuổi Thơ','553');
INSERT INTO DAUSACH (MaDauSach,TenDauSach,MaNXB) VALUES ('98',N'Có Hai Con Mèo Ngồi Bên Cửa Sổ','553');
INSERT INTO DAUSACH (MaDauSach,TenDauSach,MaNXB) VALUES ('99',N'Tôi Là Bêtô','553');
INSERT INTO DAUSACH (MaDauSach,TenDauSach,MaNXB) VALUES ('100',N'Ngồi Khóc Trên Cây: Truyện Dài','553');
INSERT INTO DAUSACH (MaDauSach,TenDauSach,MaNXB) VALUES ('101',N' 15 Nguyên Tắc Vàng Về Phát Triển Bản Thân','571');
INSERT INTO DAUSACH (MaDauSach,TenDauSach,MaNXB) VALUES ('102',N'Thái Độ 101 – Những Điều Nhà Lãnh Đạo Cần Biết','571');
INSERT INTO DAUSACH (MaDauSach,TenDauSach,MaNXB) VALUES ('103',N'Trở Thành Người Ảnh Hưởng','571');
INSERT INTO DAUSACH (MaDauSach,TenDauSach,MaNXB) VALUES ('104',N'Mối Quan Hệ 101 – Những Điều Nhà Lãnh Đạo Cần Biết','571');
INSERT INTO DAUSACH (MaDauSach,TenDauSach,MaNXB) VALUES ('105',N'Kỹ thuật lập trình C cơ bản và nâng cao','562');
INSERT INTO DAUSACH (MaDauSach,TenDauSach,MaNXB) VALUES ('106',N'Xác suất thống kê','558');
INSERT INTO DAUSACH (MaDauSach,TenDauSach,MaNXB) VALUES ('107',N'Giải tích 1','558');
INSERT INTO DAUSACH (MaDauSach,TenDauSach,MaNXB) VALUES ('108',N'Giải tích 2','558');
INSERT INTO DAUSACH (MaDauSach,TenDauSach,MaNXB) VALUES ('109',N'Lập trình hướng đối tượng','562');
INSERT INTO DAUSACH (MaDauSach,TenDauSach,MaNXB) VALUES ('110',N'Vật Lý đại cương 1','558');
INSERT INTO DAUSACH (MaDauSach,TenDauSach,MaNXB) VALUES ('111',N'Vật Lý đại cương 2','558');
INSERT INTO DAUSACH (MaDauSach,TenDauSach,MaNXB) VALUES ('112',N'Đời ngắn đừng ngủ dài','553');
INSERT INTO DAUSACH (MaDauSach,TenDauSach,MaNXB) VALUES ('113',N'Nhà giả kim','565');

-- Insert SACH_TACGIA
INSERT INTO SACH_TACGIA (MaDauSach,MaTacGia) VALUES ('90','18576');
INSERT INTO SACH_TACGIA (MaDauSach,MaTacGia) VALUES ('91','18577');
INSERT INTO SACH_TACGIA (MaDauSach,MaTacGia) VALUES ('92','18578');
INSERT INTO SACH_TACGIA (MaDauSach,MaTacGia) VALUES ('93','18579');
INSERT INTO SACH_TACGIA (MaDauSach,MaTacGia) VALUES ('94','18580');
INSERT INTO SACH_TACGIA (MaDauSach,MaTacGia) VALUES ('95','18579');
INSERT INTO SACH_TACGIA (MaDauSach,MaTacGia) VALUES ('96','18579');
INSERT INTO SACH_TACGIA (MaDauSach,MaTacGia) VALUES ('97','18579');
INSERT INTO SACH_TACGIA (MaDauSach,MaTacGia) VALUES ('98','18579');
INSERT INTO SACH_TACGIA (MaDauSach,MaTacGia) VALUES ('99','18579');
INSERT INTO SACH_TACGIA (MaDauSach,MaTacGia) VALUES ('100','18579');
INSERT INTO SACH_TACGIA (MaDauSach,MaTacGia) VALUES ('101','18580');
INSERT INTO SACH_TACGIA (MaDauSach,MaTacGia) VALUES ('102','18580');
INSERT INTO SACH_TACGIA (MaDauSach,MaTacGia) VALUES ('103','18580');
INSERT INTO SACH_TACGIA (MaDauSach,MaTacGia) VALUES ('104','18580');
INSERT INTO SACH_TACGIA (MaDauSach,MaTacGia) VALUES ('105','18583');
INSERT INTO SACH_TACGIA (MaDauSach,MaTacGia) VALUES ('106','18582');
INSERT INTO SACH_TACGIA (MaDauSach,MaTacGia) VALUES ('107','18582');
INSERT INTO SACH_TACGIA (MaDauSach,MaTacGia) VALUES ('108','18582');
INSERT INTO SACH_TACGIA (MaDauSach,MaTacGia) VALUES ('109','18580');
INSERT INTO SACH_TACGIA (MaDauSach,MaTacGia) VALUES ('110','18584');
INSERT INTO SACH_TACGIA (MaDauSach,MaTacGia) VALUES ('111','18584');
INSERT INTO SACH_TACGIA (MaDauSach,MaTacGia) VALUES ('112','18585');
INSERT INTO SACH_TACGIA (MaDauSach,MaTacGia) VALUES ('113','18586');

-- Insert CUONSACH
INSERT INTO CUONSACH (MaCuonSach,TenSach,SoTrang,TinhTrangCuonSach,MaDauSach,MaKeSach) VALUES ('10001000',N'Mình Về Hà Nội Để Thương Nhau','200',N'Chưa mượn','90','1110');
INSERT INTO CUONSACH (MaCuonSach,TenSach,SoTrang,TinhTrangCuonSach,MaDauSach,MaKeSach) VALUES ('10001001',N'Tiếc Rằng Mình Chẳng Đợi Được Nhau ','250',N'Chưa mượn','91','1110');
INSERT INTO CUONSACH (MaCuonSach,TenSach,SoTrang,TinhTrangCuonSach,MaDauSach,MaKeSach) VALUES ('10001002',N'Có Một Cô Gái Thầm Yêu Anh ','178',N'Chưa mượn','92','1110');
INSERT INTO CUONSACH (MaCuonSach,TenSach,SoTrang,TinhTrangCuonSach,MaDauSach,MaKeSach) VALUES ('10001003',N'Tôi Thấy Hoa Vàng Trên Cỏ Xanh ','378',N'Chưa mượn','93','1111');
INSERT INTO CUONSACH (MaCuonSach,TenSach,SoTrang,TinhTrangCuonSach,MaDauSach,MaKeSach) VALUES ('10001004',N'Nhiệt Độ Ngôn Ngữ ','232',N'Chưa mượn','94','1111');
INSERT INTO CUONSACH (MaCuonSach,TenSach,SoTrang,TinhTrangCuonSach,MaDauSach,MaKeSach) VALUES ('10001005',N'Cô Gái Đến Từ Hôm Qua','235',N'Chưa mượn','95','1110');
INSERT INTO CUONSACH (MaCuonSach,TenSach,SoTrang,TinhTrangCuonSach,MaDauSach,MaKeSach) VALUES ('10001006',N'Cô Gái Đến Từ Hôm Qua','235',N'Chưa mượn','95','1119');
INSERT INTO CUONSACH (MaCuonSach,TenSach,SoTrang,TinhTrangCuonSach,MaDauSach,MaKeSach) VALUES ('10001007',N'Cô Gái Đến Từ Hôm Qua','235',N'Chưa mượn','95','1115');
INSERT INTO CUONSACH (MaCuonSach,TenSach,SoTrang,TinhTrangCuonSach,MaDauSach,MaKeSach) VALUES ('10001008',N'Cô Gái Đến Từ Hôm Qua','235',N'Chưa mượn','95','1114');
INSERT INTO CUONSACH (MaCuonSach,TenSach,SoTrang,TinhTrangCuonSach,MaDauSach,MaKeSach) VALUES ('10001009',N'Mắt Biếc','267',N'Chưa mượn','96','1111');
INSERT INTO CUONSACH (MaCuonSach,TenSach,SoTrang,TinhTrangCuonSach,MaDauSach,MaKeSach) VALUES ('10001010',N'Có Hai Con Mèo Ngồi Bên Cửa Sổ','349',N'Chưa mượn','98','1111');
INSERT INTO CUONSACH (MaCuonSach,TenSach,SoTrang,TinhTrangCuonSach,MaDauSach,MaKeSach) VALUES ('10001011',N'Tôi Là Bêtô','239',N'Chưa mượn','99','1118');
INSERT INTO CUONSACH (MaCuonSach,TenSach,SoTrang,TinhTrangCuonSach,MaDauSach,MaKeSach) VALUES ('10001012',N'Giải tích 2','259',N'Chưa mượn','108','1118');
INSERT INTO CUONSACH (MaCuonSach,TenSach,SoTrang,TinhTrangCuonSach,MaDauSach,MaKeSach) VALUES ('10001013',N'Thái Độ 101 – Những Điều Nhà Lãnh Đạo Cần Biết','299',N'Chưa mượn','102','1111');
INSERT INTO CUONSACH (MaCuonSach,TenSach,SoTrang,TinhTrangCuonSach,MaDauSach,MaKeSach) VALUES ('10001014',N'Tôi Thấy Hoa Vàng Trên Cỏ Xanh ','244',N'Chưa mượn','93','1112');
INSERT INTO CUONSACH (MaCuonSach,TenSach,SoTrang,TinhTrangCuonSach,MaDauSach,MaKeSach) VALUES ('10001015',N' 15 Nguyên Tắc Vàng Về Phát Triển Bản Thân','250',N'Đã mượn','101','1116');
INSERT INTO CUONSACH (MaCuonSach,TenSach,SoTrang,TinhTrangCuonSach,MaDauSach,MaKeSach) VALUES ('10001016',N'Cô Gái Đến Từ Hôm Qua','247',N'Chưa mượn','95','1112');
INSERT INTO CUONSACH (MaCuonSach,TenSach,SoTrang,TinhTrangCuonSach,MaDauSach,MaKeSach) VALUES ('10001017',N'Thái Độ 101 – Những Điều Nhà Lãnh Đạo Cần Biết','299',N'Chưa mượn','102','1111');
INSERT INTO CUONSACH (MaCuonSach,TenSach,SoTrang,TinhTrangCuonSach,MaDauSach,MaKeSach) VALUES ('10001018',N'Vật Lý đại cương 1','293',N'Chưa mượn','110','1118');
INSERT INTO CUONSACH (MaCuonSach,TenSach,SoTrang,TinhTrangCuonSach,MaDauSach,MaKeSach) VALUES ('10001019',N'Cho Tôi Xin Một Vé Đi Tuổi Thơ','306',N'Đã mượn','97','1115');
INSERT INTO CUONSACH (MaCuonSach,TenSach,SoTrang,TinhTrangCuonSach,MaDauSach,MaKeSach) VALUES ('10001020',N'Cho Tôi Xin Một Vé Đi Tuổi Thơ','306',N'Chưa mượn','97','1119');
INSERT INTO CUONSACH (MaCuonSach,TenSach,SoTrang,TinhTrangCuonSach,MaDauSach,MaKeSach) VALUES ('10001021',N'Lập trình hướng đối tượng','324',N'Đã mượn','109','1119');
INSERT INTO CUONSACH (MaCuonSach,TenSach,SoTrang,TinhTrangCuonSach,MaDauSach,MaKeSach) VALUES ('10001022',N'Cho Tôi Xin Một Vé Đi Tuổi Thơ','306',N'Chưa mượn','97','1117');
INSERT INTO CUONSACH (MaCuonSach,TenSach,SoTrang,TinhTrangCuonSach,MaDauSach,MaKeSach) VALUES ('10001023',N'Thái Độ 101 – Những Điều Nhà Lãnh Đạo Cần Biết','299',N'Đã mượn','102','1111');
INSERT INTO CUONSACH (MaCuonSach,TenSach,SoTrang,TinhTrangCuonSach,MaDauSach,MaKeSach) VALUES ('10001024',N'Giải tích 2','259',N'Đã mượn','108','1112');
INSERT INTO CUONSACH (MaCuonSach,TenSach,SoTrang,TinhTrangCuonSach,MaDauSach,MaKeSach) VALUES ('10001025',N'Nhà giả kim','260',N'Đã mượn','113','1118');
INSERT INTO CUONSACH (MaCuonSach,TenSach,SoTrang,TinhTrangCuonSach,MaDauSach,MaKeSach) VALUES ('10001026',N'Giải tích 2','259',N'Chưa mượn','108','1113');
INSERT INTO CUONSACH (MaCuonSach,TenSach,SoTrang,TinhTrangCuonSach,MaDauSach,MaKeSach) VALUES ('10001027',N'Kỹ thuật lập trình C cơ bản và nâng cao','280',N'Chưa mượn','105','1119');
INSERT INTO CUONSACH (MaCuonSach,TenSach,SoTrang,TinhTrangCuonSach,MaDauSach,MaKeSach) VALUES ('10001028',N'Tiếc Rằng Mình Chẳng Đợi Được Nhau ','286',N'Đã mượn','91','1113');
INSERT INTO CUONSACH (MaCuonSach,TenSach,SoTrang,TinhTrangCuonSach,MaDauSach,MaKeSach) VALUES ('10001029',N'Tôi Thấy Hoa Vàng Trên Cỏ Xanh ','244',N'Chưa mượn','93','1117');
INSERT INTO CUONSACH (MaCuonSach,TenSach,SoTrang,TinhTrangCuonSach,MaDauSach,MaKeSach) VALUES ('10001030',N'Vật Lý đại cương 1','293',N'Đã mượn','110','1110');
INSERT INTO CUONSACH (MaCuonSach,TenSach,SoTrang,TinhTrangCuonSach,MaDauSach,MaKeSach) VALUES ('10001031',N'Lập trình hướng đối tượng','324',N'Chưa mượn','109','1114');
INSERT INTO CUONSACH (MaCuonSach,TenSach,SoTrang,TinhTrangCuonSach,MaDauSach,MaKeSach) VALUES ('10001032',N'Cô Gái Đến Từ Hôm Qua','247',N'Đã mượn','95','1114');
INSERT INTO CUONSACH (MaCuonSach,TenSach,SoTrang,TinhTrangCuonSach,MaDauSach,MaKeSach) VALUES ('10001033',N'Cho Tôi Xin Một Vé Đi Tuổi Thơ','306',N'Chưa mượn','97','1116');
INSERT INTO CUONSACH (MaCuonSach,TenSach,SoTrang,TinhTrangCuonSach,MaDauSach,MaKeSach) VALUES ('10001034',N'Nhà giả kim','260',N'Chưa mượn','113','1110');
INSERT INTO CUONSACH (MaCuonSach,TenSach,SoTrang,TinhTrangCuonSach,MaDauSach,MaKeSach) VALUES ('10001035',N'Ngồi Khóc Trên Cây: Truyện Dài','266',N'Đã mượn','100','1110');
INSERT INTO CUONSACH (MaCuonSach,TenSach,SoTrang,TinhTrangCuonSach,MaDauSach,MaKeSach) VALUES ('10001036',N'Đời ngắn đừng ngủ dài','312',N'Chưa mượn','112','1115');
INSERT INTO CUONSACH (MaCuonSach,TenSach,SoTrang,TinhTrangCuonSach,MaDauSach,MaKeSach) VALUES ('10001037',N'Giải tích 2','259',N'Chưa mượn','108','1113');
INSERT INTO CUONSACH (MaCuonSach,TenSach,SoTrang,TinhTrangCuonSach,MaDauSach,MaKeSach) VALUES ('10001038',N' 15 Nguyên Tắc Vàng Về Phát Triển Bản Thân','250',N'Chưa mượn','101','1116');
INSERT INTO CUONSACH (MaCuonSach,TenSach,SoTrang,TinhTrangCuonSach,MaDauSach,MaKeSach) VALUES ('10001039',N'Ngồi Khóc Trên Cây: Truyện Dài','266',N'Chưa mượn','100','1115');
INSERT INTO CUONSACH (MaCuonSach,TenSach,SoTrang,TinhTrangCuonSach,MaDauSach,MaKeSach) VALUES ('10001040',N'Đời ngắn đừng ngủ dài','312',N'Chưa mượn','112','1118');
INSERT INTO CUONSACH (MaCuonSach,TenSach,SoTrang,TinhTrangCuonSach,MaDauSach,MaKeSach) VALUES ('10001041',N'Vật Lý đại cương 1','293',N'Đã mượn','110','1117');
INSERT INTO CUONSACH (MaCuonSach,TenSach,SoTrang,TinhTrangCuonSach,MaDauSach,MaKeSach) VALUES ('10001042',N'Lập trình hướng đối tượng','324',N'Đã mượn','109','1110');
INSERT INTO CUONSACH (MaCuonSach,TenSach,SoTrang,TinhTrangCuonSach,MaDauSach,MaKeSach) VALUES ('10001043',N'Tôi Là Bêtô','239',N'Đã mượn','99','1115');
INSERT INTO CUONSACH (MaCuonSach,TenSach,SoTrang,TinhTrangCuonSach,MaDauSach,MaKeSach) VALUES ('10001044',N'Đời ngắn đừng ngủ dài','312',N'Đã mượn','112','1114');
INSERT INTO CUONSACH (MaCuonSach,TenSach,SoTrang,TinhTrangCuonSach,MaDauSach,MaKeSach) VALUES ('10001045',N'Trở Thành Người Ảnh Hưởng','344',N'Đã mượn','103','1117');
INSERT INTO CUONSACH (MaCuonSach,TenSach,SoTrang,TinhTrangCuonSach,MaDauSach,MaKeSach) VALUES ('10001046',N'Tôi Là Bêtô','239',N'Đã mượn','99','1118');
INSERT INTO CUONSACH (MaCuonSach,TenSach,SoTrang,TinhTrangCuonSach,MaDauSach,MaKeSach) VALUES ('10001047',N'Cho Tôi Xin Một Vé Đi Tuổi Thơ','306',N'Đã mượn','97','1113');
INSERT INTO CUONSACH (MaCuonSach,TenSach,SoTrang,TinhTrangCuonSach,MaDauSach,MaKeSach) VALUES ('10001048',N'Thái Độ 101 – Những Điều Nhà Lãnh Đạo Cần Biết','299',N'Chưa mượn','102','1113');
INSERT INTO CUONSACH (MaCuonSach,TenSach,SoTrang,TinhTrangCuonSach,MaDauSach,MaKeSach) VALUES ('10001049',N'Giải tích 2','259',N'Đã mượn','108','1115');
INSERT INTO CUONSACH (MaCuonSach,TenSach,SoTrang,TinhTrangCuonSach,MaDauSach,MaKeSach) VALUES ('10001050',N'Mối Quan Hệ 101 – Những Điều Nhà Lãnh Đạo Cần Biết','276',N'Đã mượn','104','1111');
INSERT INTO CUONSACH (MaCuonSach,TenSach,SoTrang,TinhTrangCuonSach,MaDauSach,MaKeSach) VALUES ('10001051',N'Nhà giả kim','260',N'Chưa mượn','113','1116');
INSERT INTO CUONSACH (MaCuonSach,TenSach,SoTrang,TinhTrangCuonSach,MaDauSach,MaKeSach) VALUES ('10001052',N'Tôi Thấy Hoa Vàng Trên Cỏ Xanh ','244',N'Chưa mượn','93','1117');
INSERT INTO CUONSACH (MaCuonSach,TenSach,SoTrang,TinhTrangCuonSach,MaDauSach,MaKeSach) VALUES ('10001053',N'Lập trình hướng đối tượng','324',N'Chưa mượn','109','1114');
INSERT INTO CUONSACH (MaCuonSach,TenSach,SoTrang,TinhTrangCuonSach,MaDauSach,MaKeSach) VALUES ('10001054',N'Giải tích 2','259',N'Chưa mượn','108','1114');
INSERT INTO CUONSACH (MaCuonSach,TenSach,SoTrang,TinhTrangCuonSach,MaDauSach,MaKeSach) VALUES ('10001055',N'Tôi Là Bêtô','239',N'Chưa mượn','99','1118');
INSERT INTO CUONSACH (MaCuonSach,TenSach,SoTrang,TinhTrangCuonSach,MaDauSach,MaKeSach) VALUES ('10001056',N'Có Hai Con Mèo Ngồi Bên Cửa Sổ','349',N'Đã mượn','98','1110');
INSERT INTO CUONSACH (MaCuonSach,TenSach,SoTrang,TinhTrangCuonSach,MaDauSach,MaKeSach) VALUES ('10001057',N'Tôi Thấy Hoa Vàng Trên Cỏ Xanh ','244',N'Đã mượn','93','1117');
INSERT INTO CUONSACH (MaCuonSach,TenSach,SoTrang,TinhTrangCuonSach,MaDauSach,MaKeSach) VALUES ('10001058',N'Lập trình hướng đối tượng','324',N'Chưa mượn','109','1118');
INSERT INTO CUONSACH (MaCuonSach,TenSach,SoTrang,TinhTrangCuonSach,MaDauSach,MaKeSach) VALUES ('10001059',N'Cô Gái Đến Từ Hôm Qua','247',N'Chưa mượn','95','1110');
INSERT INTO CUONSACH (MaCuonSach,TenSach,SoTrang,TinhTrangCuonSach,MaDauSach,MaKeSach) VALUES ('10001060',N'Thái Độ 101 – Những Điều Nhà Lãnh Đạo Cần Biết','299',N'Đã mượn','102','1118');
INSERT INTO CUONSACH (MaCuonSach,TenSach,SoTrang,TinhTrangCuonSach,MaDauSach,MaKeSach) VALUES ('10001061',N'Kỹ thuật lập trình C cơ bản và nâng cao','280',N'Đã mượn','105','1116');
INSERT INTO CUONSACH (MaCuonSach,TenSach,SoTrang,TinhTrangCuonSach,MaDauSach,MaKeSach) VALUES ('10001062',N'Đời ngắn đừng ngủ dài','312',N'Chưa mượn','112','1119');
INSERT INTO CUONSACH (MaCuonSach,TenSach,SoTrang,TinhTrangCuonSach,MaDauSach,MaKeSach) VALUES ('10001063',N'Vật Lý đại cương 1','293',N'Đã mượn','110','1113');
INSERT INTO CUONSACH (MaCuonSach,TenSach,SoTrang,TinhTrangCuonSach,MaDauSach,MaKeSach) VALUES ('10001064',N'Nhiệt Độ Ngôn Ngữ ','301',N'Chưa mượn','94','1115');
INSERT INTO CUONSACH (MaCuonSach,TenSach,SoTrang,TinhTrangCuonSach,MaDauSach,MaKeSach) VALUES ('10001065',N'Cho Tôi Xin Một Vé Đi Tuổi Thơ','306',N'Đã mượn','97','1116');
INSERT INTO CUONSACH (MaCuonSach,TenSach,SoTrang,TinhTrangCuonSach,MaDauSach,MaKeSach) VALUES ('10001066',N'Nhiệt Độ Ngôn Ngữ ','301',N'Chưa mượn','94','1117');
INSERT INTO CUONSACH (MaCuonSach,TenSach,SoTrang,TinhTrangCuonSach,MaDauSach,MaKeSach) VALUES ('10001067',N'Vật Lý đại cương 1','293',N'Chưa mượn','110','1113');
INSERT INTO CUONSACH (MaCuonSach,TenSach,SoTrang,TinhTrangCuonSach,MaDauSach,MaKeSach) VALUES ('10001068',N'Đời ngắn đừng ngủ dài','312',N'Đã mượn','112','1117');
INSERT INTO CUONSACH (MaCuonSach,TenSach,SoTrang,TinhTrangCuonSach,MaDauSach,MaKeSach) VALUES ('10001069',N'Vật Lý đại cương 1','293',N'Đã mượn','110','1116');
INSERT INTO CUONSACH (MaCuonSach,TenSach,SoTrang,TinhTrangCuonSach,MaDauSach,MaKeSach) VALUES ('10001070',N'Vật Lý đại cương 2','281',N'Chưa mượn','111','1110');
INSERT INTO CUONSACH (MaCuonSach,TenSach,SoTrang,TinhTrangCuonSach,MaDauSach,MaKeSach) VALUES ('10001071',N'Giải tích 1','279',N'Chưa mượn','107','1119');
INSERT INTO CUONSACH (MaCuonSach,TenSach,SoTrang,TinhTrangCuonSach,MaDauSach,MaKeSach) VALUES ('10001072',N'Giải tích 1','279',N'Chưa mượn','107','1114');
INSERT INTO CUONSACH (MaCuonSach,TenSach,SoTrang,TinhTrangCuonSach,MaDauSach,MaKeSach) VALUES ('10001073',N'Vật Lý đại cương 1','293',N'Chưa mượn','110','1119');
INSERT INTO CUONSACH (MaCuonSach,TenSach,SoTrang,TinhTrangCuonSach,MaDauSach,MaKeSach) VALUES ('10001074',N'Nhiệt Độ Ngôn Ngữ ','301',N'Chưa mượn','94','1114');
INSERT INTO CUONSACH (MaCuonSach,TenSach,SoTrang,TinhTrangCuonSach,MaDauSach,MaKeSach) VALUES ('10001075',N'Tôi Thấy Hoa Vàng Trên Cỏ Xanh ','244',N'Chưa mượn','93','1110');
INSERT INTO CUONSACH (MaCuonSach,TenSach,SoTrang,TinhTrangCuonSach,MaDauSach,MaKeSach) VALUES ('10001076',N'Lập trình hướng đối tượng','324',N'Chưa mượn','109','1116');
INSERT INTO CUONSACH (MaCuonSach,TenSach,SoTrang,TinhTrangCuonSach,MaDauSach,MaKeSach) VALUES ('10001077',N'Cho Tôi Xin Một Vé Đi Tuổi Thơ','306',N'Chưa mượn','97','1119');
INSERT INTO CUONSACH (MaCuonSach,TenSach,SoTrang,TinhTrangCuonSach,MaDauSach,MaKeSach) VALUES ('10001078',N'Tôi Là Bêtô','239',N'Đã mượn','99','1115');
INSERT INTO CUONSACH (MaCuonSach,TenSach,SoTrang,TinhTrangCuonSach,MaDauSach,MaKeSach) VALUES ('10001079',N'Cho Tôi Xin Một Vé Đi Tuổi Thơ','306',N'Chưa mượn','97','1119');
INSERT INTO CUONSACH (MaCuonSach,TenSach,SoTrang,TinhTrangCuonSach,MaDauSach,MaKeSach) VALUES ('10001080',N'Mối Quan Hệ 101 – Những Điều Nhà Lãnh Đạo Cần Biết','276',N'Chưa mượn','104','1115');
INSERT INTO CUONSACH (MaCuonSach,TenSach,SoTrang,TinhTrangCuonSach,MaDauSach,MaKeSach) VALUES ('10001081',N'Tiếc Rằng Mình Chẳng Đợi Được Nhau ','286',N'Chưa mượn','91','1118');
INSERT INTO CUONSACH (MaCuonSach,TenSach,SoTrang,TinhTrangCuonSach,MaDauSach,MaKeSach) VALUES ('10001082',N'Cho Tôi Xin Một Vé Đi Tuổi Thơ','306',N'Chưa mượn','97','1115');
INSERT INTO CUONSACH (MaCuonSach,TenSach,SoTrang,TinhTrangCuonSach,MaDauSach,MaKeSach) VALUES ('10001083',N' 15 Nguyên Tắc Vàng Về Phát Triển Bản Thân','250',N'Chưa mượn','101','1118');
INSERT INTO CUONSACH (MaCuonSach,TenSach,SoTrang,TinhTrangCuonSach,MaDauSach,MaKeSach) VALUES ('10001084',N'Giải tích 2','259',N'Chưa mượn','108','1118');
INSERT INTO CUONSACH (MaCuonSach,TenSach,SoTrang,TinhTrangCuonSach,MaDauSach,MaKeSach) VALUES ('10001085',N'Giải tích 2','259',N'Chưa mượn','108','1119');
INSERT INTO CUONSACH (MaCuonSach,TenSach,SoTrang,TinhTrangCuonSach,MaDauSach,MaKeSach) VALUES ('10001086',N'Mối Quan Hệ 101 – Những Điều Nhà Lãnh Đạo Cần Biết','276',N'Chưa mượn','104','1111');
INSERT INTO CUONSACH (MaCuonSach,TenSach,SoTrang,TinhTrangCuonSach,MaDauSach,MaKeSach) VALUES ('10001087',N'Có Một Cô Gái Thầm Yêu Anh ','248',N'Chưa mượn','92','1113');
INSERT INTO CUONSACH (MaCuonSach,TenSach,SoTrang,TinhTrangCuonSach,MaDauSach,MaKeSach) VALUES ('10001088',N'Mình Về Hà Nội Để Thương Nhau','274',N'Chưa mượn','90','1119');
INSERT INTO CUONSACH (MaCuonSach,TenSach,SoTrang,TinhTrangCuonSach,MaDauSach,MaKeSach) VALUES ('10001089',N'Kỹ thuật lập trình C cơ bản và nâng cao','280',N'Chưa mượn','105','1118');
INSERT INTO CUONSACH (MaCuonSach,TenSach,SoTrang,TinhTrangCuonSach,MaDauSach,MaKeSach) VALUES ('10001090',N'Cho Tôi Xin Một Vé Đi Tuổi Thơ','306',N'Chưa mượn','97','1115');
INSERT INTO CUONSACH (MaCuonSach,TenSach,SoTrang,TinhTrangCuonSach,MaDauSach,MaKeSach) VALUES ('10001091',N'Xác suất thống kê','279',N'Chưa mượn','106','1110');
INSERT INTO CUONSACH (MaCuonSach,TenSach,SoTrang,TinhTrangCuonSach,MaDauSach,MaKeSach) VALUES ('10001092',N'Giải tích 1','279',N'Chưa mượn','107','1117');
INSERT INTO CUONSACH (MaCuonSach,TenSach,SoTrang,TinhTrangCuonSach,MaDauSach,MaKeSach) VALUES ('10001093',N'Tiếc Rằng Mình Chẳng Đợi Được Nhau ','286',N'Chưa mượn','91','1111');
INSERT INTO CUONSACH (MaCuonSach,TenSach,SoTrang,TinhTrangCuonSach,MaDauSach,MaKeSach) VALUES ('10001094',N'Đời ngắn đừng ngủ dài','312',N'Chưa mượn','112','1112');
INSERT INTO CUONSACH (MaCuonSach,TenSach,SoTrang,TinhTrangCuonSach,MaDauSach,MaKeSach) VALUES ('10001095',N'Nhiệt Độ Ngôn Ngữ ','301',N'Chưa mượn','94','1118');
INSERT INTO CUONSACH (MaCuonSach,TenSach,SoTrang,TinhTrangCuonSach,MaDauSach,MaKeSach) VALUES ('10001096',N'Giải tích 2','259',N'Chưa mượn','108','1113');
INSERT INTO CUONSACH (MaCuonSach,TenSach,SoTrang,TinhTrangCuonSach,MaDauSach,MaKeSach) VALUES ('10001097',N'Cho Tôi Xin Một Vé Đi Tuổi Thơ','306',N'Chưa mượn','97','1119');
INSERT INTO CUONSACH (MaCuonSach,TenSach,SoTrang,TinhTrangCuonSach,MaDauSach,MaKeSach) VALUES ('10001098',N'Nhà giả kim','260',N'Chưa mượn','113','1113');
INSERT INTO CUONSACH (MaCuonSach,TenSach,SoTrang,TinhTrangCuonSach,MaDauSach,MaKeSach) VALUES ('10001099',N'Xác suất thống kê','279',N'Chưa mượn','106','1117');
INSERT INTO CUONSACH (MaCuonSach,TenSach,SoTrang,TinhTrangCuonSach,MaDauSach,MaKeSach) VALUES ('10001100',N'Nhà giả kim','260',N'Chưa mượn','113','1110');
INSERT INTO CUONSACH (MaCuonSach,TenSach,SoTrang,TinhTrangCuonSach,MaDauSach,MaKeSach) VALUES ('10001101',N'Có Một Cô Gái Thầm Yêu Anh ','248',N'Chưa mượn','92','1114');
INSERT INTO CUONSACH (MaCuonSach,TenSach,SoTrang,TinhTrangCuonSach,MaDauSach,MaKeSach) VALUES ('10001102',N'Tôi Là Bêtô','239',N'Chưa mượn','99','1114');
INSERT INTO CUONSACH (MaCuonSach,TenSach,SoTrang,TinhTrangCuonSach,MaDauSach,MaKeSach) VALUES ('10001103',N'Mắt Biếc','307',N'Chưa mượn','96','1116');
INSERT INTO CUONSACH (MaCuonSach,TenSach,SoTrang,TinhTrangCuonSach,MaDauSach,MaKeSach) VALUES ('10001104',N'Cô Gái Đến Từ Hôm Qua','247',N'Chưa mượn','95','1110');
INSERT INTO CUONSACH (MaCuonSach,TenSach,SoTrang,TinhTrangCuonSach,MaDauSach,MaKeSach) VALUES ('10001105',N'Vật Lý đại cương 1','293',N'Chưa mượn','110','1110');
INSERT INTO CUONSACH (MaCuonSach,TenSach,SoTrang,TinhTrangCuonSach,MaDauSach,MaKeSach) VALUES ('10001106',N'Giải tích 1','279',N'Chưa mượn','107','1115');
INSERT INTO CUONSACH (MaCuonSach,TenSach,SoTrang,TinhTrangCuonSach,MaDauSach,MaKeSach) VALUES ('10001107',N'Thái Độ 101 – Những Điều Nhà Lãnh Đạo Cần Biết','299',N'Chưa mượn','102','1113');
INSERT INTO CUONSACH (MaCuonSach,TenSach,SoTrang,TinhTrangCuonSach,MaDauSach,MaKeSach) VALUES ('10001108',N'Lập trình hướng đối tượng','324',N'Chưa mượn','109','1116');
INSERT INTO CUONSACH (MaCuonSach,TenSach,SoTrang,TinhTrangCuonSach,MaDauSach,MaKeSach) VALUES ('10001109',N'Có Một Cô Gái Thầm Yêu Anh ','248',N'Chưa mượn','92','1115');
INSERT INTO CUONSACH (MaCuonSach,TenSach,SoTrang,TinhTrangCuonSach,MaDauSach,MaKeSach) VALUES ('10001110',N'Xác suất thống kê','279',N'Chưa mượn','106','1118');
INSERT INTO CUONSACH (MaCuonSach,TenSach,SoTrang,TinhTrangCuonSach,MaDauSach,MaKeSach) VALUES ('10001111',N'Tiếc Rằng Mình Chẳng Đợi Được Nhau ','286',N'Đã mượn','91','1117');
INSERT INTO CUONSACH (MaCuonSach,TenSach,SoTrang,TinhTrangCuonSach,MaDauSach,MaKeSach) VALUES ('10001112',N'Cho Tôi Xin Một Vé Đi Tuổi Thơ','306',N'Chưa mượn','97','1110');
INSERT INTO CUONSACH (MaCuonSach,TenSach,SoTrang,TinhTrangCuonSach,MaDauSach,MaKeSach) VALUES ('10001113',N'Kỹ thuật lập trình C cơ bản và nâng cao','280',N'Đã mượn','105','1115');
INSERT INTO CUONSACH (MaCuonSach,TenSach,SoTrang,TinhTrangCuonSach,MaDauSach,MaKeSach) VALUES ('10001114',N'Lập trình hướng đối tượng','324',N'Đã mượn','109','1114');
INSERT INTO CUONSACH (MaCuonSach,TenSach,SoTrang,TinhTrangCuonSach,MaDauSach,MaKeSach) VALUES ('10001115',N'Cô Gái Đến Từ Hôm Qua','247',N'Đã mượn','95','1117');
INSERT INTO CUONSACH (MaCuonSach,TenSach,SoTrang,TinhTrangCuonSach,MaDauSach,MaKeSach) VALUES ('10001116',N'Tôi Thấy Hoa Vàng Trên Cỏ Xanh ','244',N'Chưa mượn','93','1118');
INSERT INTO CUONSACH (MaCuonSach,TenSach,SoTrang,TinhTrangCuonSach,MaDauSach,MaKeSach) VALUES ('10001117',N'Tôi Là Bêtô','239',N'Chưa mượn','99','1113');
INSERT INTO CUONSACH (MaCuonSach,TenSach,SoTrang,TinhTrangCuonSach,MaDauSach,MaKeSach) VALUES ('10001118',N'Kỹ thuật lập trình C cơ bản và nâng cao','280',N'Đã mượn','105','1113');
INSERT INTO CUONSACH (MaCuonSach,TenSach,SoTrang,TinhTrangCuonSach,MaDauSach,MaKeSach) VALUES ('10001119',N'Ngồi Khóc Trên Cây: Truyện Dài','266',N'Chưa mượn','100','1115');
INSERT INTO CUONSACH (MaCuonSach,TenSach,SoTrang,TinhTrangCuonSach,MaDauSach,MaKeSach) VALUES ('10001120',N'Tôi Là Bêtô','239',N'Đã mượn','99','1111');
INSERT INTO CUONSACH (MaCuonSach,TenSach,SoTrang,TinhTrangCuonSach,MaDauSach,MaKeSach) VALUES ('10001121',N'Nhà giả kim','260',N'Đã mượn','113','1116');
INSERT INTO CUONSACH (MaCuonSach,TenSach,SoTrang,TinhTrangCuonSach,MaDauSach,MaKeSach) VALUES ('10001122',N'Trở Thành Người Ảnh Hưởng','344',N'Chưa mượn','103','1117');
INSERT INTO CUONSACH (MaCuonSach,TenSach,SoTrang,TinhTrangCuonSach,MaDauSach,MaKeSach) VALUES ('10001123',N'Kỹ thuật lập trình C cơ bản và nâng cao','280',N'Chưa mượn','105','1114');
INSERT INTO CUONSACH (MaCuonSach,TenSach,SoTrang,TinhTrangCuonSach,MaDauSach,MaKeSach) VALUES ('10001124',N' 15 Nguyên Tắc Vàng Về Phát Triển Bản Thân','250',N'Đã mượn','101','1114');
INSERT INTO CUONSACH (MaCuonSach,TenSach,SoTrang,TinhTrangCuonSach,MaDauSach,MaKeSach) VALUES ('10001125',N'Nhà giả kim','260',N'Đã mượn','113','1118');
INSERT INTO CUONSACH (MaCuonSach,TenSach,SoTrang,TinhTrangCuonSach,MaDauSach,MaKeSach) VALUES ('10001126',N'Giải tích 2','259',N'Đã mượn','108','1110');
INSERT INTO CUONSACH (MaCuonSach,TenSach,SoTrang,TinhTrangCuonSach,MaDauSach,MaKeSach) VALUES ('10001127',N'Giải tích 2','259',N'Chưa mượn','108','1117');
INSERT INTO CUONSACH (MaCuonSach,TenSach,SoTrang,TinhTrangCuonSach,MaDauSach,MaKeSach) VALUES ('10001128',N'Có Hai Con Mèo Ngồi Bên Cửa Sổ','349',N'Chưa mượn','98','1118');
INSERT INTO CUONSACH (MaCuonSach,TenSach,SoTrang,TinhTrangCuonSach,MaDauSach,MaKeSach) VALUES ('10001129',N'Nhiệt Độ Ngôn Ngữ ','301',N'Đã mượn','94','1110');
INSERT INTO CUONSACH (MaCuonSach,TenSach,SoTrang,TinhTrangCuonSach,MaDauSach,MaKeSach) VALUES ('10001130',N'Ngồi Khóc Trên Cây: Truyện Dài','266',N'Chưa mượn','100','1118');
INSERT INTO CUONSACH (MaCuonSach,TenSach,SoTrang,TinhTrangCuonSach,MaDauSach,MaKeSach) VALUES ('10001131',N'Vật Lý đại cương 1','293',N'Đã mượn','110','1116');
INSERT INTO CUONSACH (MaCuonSach,TenSach,SoTrang,TinhTrangCuonSach,MaDauSach,MaKeSach) VALUES ('10001132',N'Thái Độ 101 – Những Điều Nhà Lãnh Đạo Cần Biết','299',N'Đã mượn','102','1119');
INSERT INTO CUONSACH (MaCuonSach,TenSach,SoTrang,TinhTrangCuonSach,MaDauSach,MaKeSach) VALUES ('10001133',N' 15 Nguyên Tắc Vàng Về Phát Triển Bản Thân','250',N'Chưa mượn','101','1113');
INSERT INTO CUONSACH (MaCuonSach,TenSach,SoTrang,TinhTrangCuonSach,MaDauSach,MaKeSach) VALUES ('10001134',N'Lập trình hướng đối tượng','324',N'Chưa mượn','109','1115');
INSERT INTO CUONSACH (MaCuonSach,TenSach,SoTrang,TinhTrangCuonSach,MaDauSach,MaKeSach) VALUES ('10001135',N'Tôi Là Bêtô','239',N'Chưa mượn','99','1116');
INSERT INTO CUONSACH (MaCuonSach,TenSach,SoTrang,TinhTrangCuonSach,MaDauSach,MaKeSach) VALUES ('10001136',N'Xác suất thống kê','279',N'Đã mượn','106','1117');
INSERT INTO CUONSACH (MaCuonSach,TenSach,SoTrang,TinhTrangCuonSach,MaDauSach,MaKeSach) VALUES ('10001137',N'Ngồi Khóc Trên Cây: Truyện Dài','266',N'Đã mượn','100','1113');
INSERT INTO CUONSACH (MaCuonSach,TenSach,SoTrang,TinhTrangCuonSach,MaDauSach,MaKeSach) VALUES ('10001138',N'Giải tích 2','259',N'Đã mượn','108','1117');
INSERT INTO CUONSACH (MaCuonSach,TenSach,SoTrang,TinhTrangCuonSach,MaDauSach,MaKeSach) VALUES ('10001139',N'Cô Gái Đến Từ Hôm Qua','247',N'Đã mượn','95','1116');
INSERT INTO CUONSACH (MaCuonSach,TenSach,SoTrang,TinhTrangCuonSach,MaDauSach,MaKeSach) VALUES ('10001140',N'Tôi Là Bêtô','239',N'Đã mượn','99','1110');
INSERT INTO CUONSACH (MaCuonSach,TenSach,SoTrang,TinhTrangCuonSach,MaDauSach,MaKeSach) VALUES ('10001141',N'Cô Gái Đến Từ Hôm Qua','247',N'Đã mượn','95','1119');
INSERT INTO CUONSACH (MaCuonSach,TenSach,SoTrang,TinhTrangCuonSach,MaDauSach,MaKeSach) VALUES ('10001142',N' 15 Nguyên Tắc Vàng Về Phát Triển Bản Thân','250',N'Đã mượn','101','1114');
INSERT INTO CUONSACH (MaCuonSach,TenSach,SoTrang,TinhTrangCuonSach,MaDauSach,MaKeSach) VALUES ('10001143',N'Xác suất thống kê','279',N'Chưa mượn','106','1119');
INSERT INTO CUONSACH (MaCuonSach,TenSach,SoTrang,TinhTrangCuonSach,MaDauSach,MaKeSach) VALUES ('10001144',N'Giải tích 1','279',N'Đã mượn','107','1114');
INSERT INTO CUONSACH (MaCuonSach,TenSach,SoTrang,TinhTrangCuonSach,MaDauSach,MaKeSach) VALUES ('10001145',N'Cho Tôi Xin Một Vé Đi Tuổi Thơ','306',N'Đã mượn','97','1110');
INSERT INTO CUONSACH (MaCuonSach,TenSach,SoTrang,TinhTrangCuonSach,MaDauSach,MaKeSach) VALUES ('10001146',N'Có Một Cô Gái Thầm Yêu Anh ','248',N'Đã mượn','92','1116');
INSERT INTO CUONSACH (MaCuonSach,TenSach,SoTrang,TinhTrangCuonSach,MaDauSach,MaKeSach) VALUES ('10001147',N'Cô Gái Đến Từ Hôm Qua','247',N'Đã mượn','95','1119');
INSERT INTO CUONSACH (MaCuonSach,TenSach,SoTrang,TinhTrangCuonSach,MaDauSach,MaKeSach) VALUES ('10001148',N'Tôi Là Bêtô','239',N'Chưa mượn','99','1115');
INSERT INTO CUONSACH (MaCuonSach,TenSach,SoTrang,TinhTrangCuonSach,MaDauSach,MaKeSach) VALUES ('10001149',N'Trở Thành Người Ảnh Hưởng','344',N'Chưa mượn','103','1119');
INSERT INTO CUONSACH (MaCuonSach,TenSach,SoTrang,TinhTrangCuonSach,MaDauSach,MaKeSach) VALUES ('10001150',N'Lập trình hướng đối tượng','324',N'Đã mượn','109','1115');

-- Insert PHIEUMUON
INSERT INTO PHIEUMUON (MaPhieuMuon,NgayMuon,NgayHanTra,MaThe) VALUES ('122','3/1/2020','3/14/2020','17150001');
INSERT INTO PHIEUMUON (MaPhieuMuon,NgayMuon,NgayHanTra,MaThe) VALUES ('123','3/4/2020','3/18/2020','17150002');
INSERT INTO PHIEUMUON (MaPhieuMuon,NgayMuon,NgayHanTra,MaThe) VALUES ('124','4/6/2020','4/13/2020','17150003');
INSERT INTO PHIEUMUON (MaPhieuMuon,NgayMuon,NgayHanTra,MaThe) VALUES ('125','3/2/2020','3/9/2020','17150004');
INSERT INTO PHIEUMUON (MaPhieuMuon,NgayMuon,NgayHanTra,MaThe) VALUES ('126','3/1/2020','3/10/2020','17150005');
INSERT INTO PHIEUMUON (MaPhieuMuon,NgayMuon,NgayHanTra,MaThe) VALUES ('127','2/7/2020','4/5/2020','18150230');
INSERT INTO PHIEUMUON (MaPhieuMuon,NgayMuon,NgayHanTra,MaThe) VALUES ('128','3/10/2020','5/15/2020','18150169');
INSERT INTO PHIEUMUON (MaPhieuMuon,NgayMuon,NgayHanTra,MaThe) VALUES ('129','3/11/2020','5/29/2020','18150232');
INSERT INTO PHIEUMUON (MaPhieuMuon,NgayMuon,NgayHanTra,MaThe) VALUES ('130','2/29/2020','4/7/2020','18150172');
INSERT INTO PHIEUMUON (MaPhieuMuon,NgayMuon,NgayHanTra,MaThe) VALUES ('131','3/23/2020','4/16/2020','18150173');
INSERT INTO PHIEUMUON (MaPhieuMuon,NgayMuon,NgayHanTra,MaThe) VALUES ('132','3/21/2020','5/5/2020','18150174');
INSERT INTO PHIEUMUON (MaPhieuMuon,NgayMuon,NgayHanTra,MaThe) VALUES ('133','3/11/2020','5/22/2020','18150233');
INSERT INTO PHIEUMUON (MaPhieuMuon,NgayMuon,NgayHanTra,MaThe) VALUES ('134','2/19/2020','5/4/2020','18150171');
INSERT INTO PHIEUMUON (MaPhieuMuon,NgayMuon,NgayHanTra,MaThe) VALUES ('135','2/11/2020','5/23/2020','18150234');
INSERT INTO PHIEUMUON (MaPhieuMuon,NgayMuon,NgayHanTra,MaThe) VALUES ('136','3/5/2020','4/10/2020','18150238');
INSERT INTO PHIEUMUON (MaPhieuMuon,NgayMuon,NgayHanTra,MaThe) VALUES ('137','2/26/2020','5/9/2020','17150003');
INSERT INTO PHIEUMUON (MaPhieuMuon,NgayMuon,NgayHanTra,MaThe) VALUES ('138','2/18/2020','4/18/2020','17150085');
INSERT INTO PHIEUMUON (MaPhieuMuon,NgayMuon,NgayHanTra,MaThe) VALUES ('139','3/8/2020','4/30/2020','18150175');
INSERT INTO PHIEUMUON (MaPhieuMuon,NgayMuon,NgayHanTra,MaThe) VALUES ('140','3/28/2020','5/3/2020','16150084');
INSERT INTO PHIEUMUON (MaPhieuMuon,NgayMuon,NgayHanTra,MaThe) VALUES ('141','3/24/2020','5/20/2020','18150179');
INSERT INTO PHIEUMUON (MaPhieuMuon,NgayMuon,NgayHanTra,MaThe) VALUES ('142','3/6/2020','5/31/2020','16150229');
INSERT INTO PHIEUMUON (MaPhieuMuon,NgayMuon,NgayHanTra,MaThe) VALUES ('143','3/7/2020','5/25/2020','15150015');
INSERT INTO PHIEUMUON (MaPhieuMuon,NgayMuon,NgayHanTra,MaThe) VALUES ('144','2/20/2020','5/31/2020','18150123');
INSERT INTO PHIEUMUON (MaPhieuMuon,NgayMuon,NgayHanTra,MaThe) VALUES ('145','2/6/2020','4/22/2020','18150187');
INSERT INTO PHIEUMUON (MaPhieuMuon,NgayMuon,NgayHanTra,MaThe) VALUES ('146','2/6/2020','5/18/2020','18150188');
INSERT INTO PHIEUMUON (MaPhieuMuon,NgayMuon,NgayHanTra,MaThe) VALUES ('147','2/18/2020','5/13/2020','18150185');
INSERT INTO PHIEUMUON (MaPhieuMuon,NgayMuon,NgayHanTra,MaThe) VALUES ('148','2/19/2020','4/10/2020','17151004');
INSERT INTO PHIEUMUON (MaPhieuMuon,NgayMuon,NgayHanTra,MaThe) VALUES ('149','3/14/2020','5/16/2020','18150248');
INSERT INTO PHIEUMUON (MaPhieuMuon,NgayMuon,NgayHanTra,MaThe) VALUES ('150','3/6/2020','5/22/2020','18150249');
INSERT INTO PHIEUMUON (MaPhieuMuon,NgayMuon,NgayHanTra,MaThe) VALUES ('151','3/17/2020','5/24/2020','18150181');
INSERT INTO PHIEUMUON (MaPhieuMuon,NgayMuon,NgayHanTra,MaThe) VALUES ('152','2/13/2020','5/21/2020','17150008');
INSERT INTO PHIEUMUON (MaPhieuMuon,NgayMuon,NgayHanTra,MaThe) VALUES ('153','2/5/2020','5/6/2020','17150424');
INSERT INTO PHIEUMUON (MaPhieuMuon,NgayMuon,NgayHanTra,MaThe) VALUES ('154','2/5/2020','5/2/2020','17150010');
INSERT INTO PHIEUMUON (MaPhieuMuon,NgayMuon,NgayHanTra,MaThe) VALUES ('155','3/14/2020','4/24/2020','18150183');
INSERT INTO PHIEUMUON (MaPhieuMuon,NgayMuon,NgayHanTra,MaThe) VALUES ('156','2/22/2020','4/19/2020','18150246');
INSERT INTO PHIEUMUON (MaPhieuMuon,NgayMuon,NgayHanTra,MaThe) VALUES ('157','3/8/2020','4/10/2020','18150189');
INSERT INTO PHIEUMUON (MaPhieuMuon,NgayMuon,NgayHanTra,MaThe) VALUES ('158','2/8/2020','4/19/2020','17150020');
INSERT INTO PHIEUMUON (MaPhieuMuon,NgayMuon,NgayHanTra,MaThe) VALUES ('159','3/11/2020','4/24/2020','18150190');
INSERT INTO PHIEUMUON (MaPhieuMuon,NgayMuon,NgayHanTra,MaThe) VALUES ('160','2/20/2020','4/22/2020','16150100');
INSERT INTO PHIEUMUON (MaPhieuMuon,NgayMuon,NgayHanTra,MaThe) VALUES ('161','3/26/2020','5/18/2020','18150255');

-- Insert CT_PHIEUMUON
INSERT INTO CT_PHIEUMUON (MaPhieuMuon,MaCuonSach) VALUES ('122','10001000');
INSERT INTO CT_PHIEUMUON (MaPhieuMuon,MaCuonSach) VALUES ('123','10001001');
INSERT INTO CT_PHIEUMUON (MaPhieuMuon,MaCuonSach) VALUES ('124','10001002');
INSERT INTO CT_PHIEUMUON (MaPhieuMuon,MaCuonSach) VALUES ('125','10001003');
INSERT INTO CT_PHIEUMUON (MaPhieuMuon,MaCuonSach) VALUES ('126','10001004');
INSERT INTO CT_PHIEUMUON (MaPhieuMuon,MaCuonSach) VALUES ('127','10001005');
INSERT INTO CT_PHIEUMUON (MaPhieuMuon,MaCuonSach) VALUES ('128','10001006');
INSERT INTO CT_PHIEUMUON (MaPhieuMuon,MaCuonSach) VALUES ('129','10001007');
INSERT INTO CT_PHIEUMUON (MaPhieuMuon,MaCuonSach) VALUES ('130','10001009');
INSERT INTO CT_PHIEUMUON (MaPhieuMuon,MaCuonSach) VALUES ('131','10001012');
INSERT INTO CT_PHIEUMUON (MaPhieuMuon,MaCuonSach) VALUES ('132','10001013');
INSERT INTO CT_PHIEUMUON (MaPhieuMuon,MaCuonSach) VALUES ('133','10001014');
INSERT INTO CT_PHIEUMUON (MaPhieuMuon,MaCuonSach) VALUES ('122','10001080');
INSERT INTO CT_PHIEUMUON (MaPhieuMuon,MaCuonSach) VALUES ('123','10001083');
INSERT INTO CT_PHIEUMUON (MaPhieuMuon,MaCuonSach) VALUES ('124','10001087');
INSERT INTO CT_PHIEUMUON (MaPhieuMuon,MaCuonSach) VALUES ('125','10001090');
INSERT INTO CT_PHIEUMUON (MaPhieuMuon,MaCuonSach) VALUES ('126','10001092');
INSERT INTO CT_PHIEUMUON (MaPhieuMuon,MaCuonSach) VALUES ('127','10001096');
INSERT INTO CT_PHIEUMUON (MaPhieuMuon,MaCuonSach) VALUES ('128','10001099');
INSERT INTO CT_PHIEUMUON (MaPhieuMuon,MaCuonSach) VALUES ('129','10001100');
INSERT INTO CT_PHIEUMUON (MaPhieuMuon,MaCuonSach) VALUES ('130','10001103');
INSERT INTO CT_PHIEUMUON (MaPhieuMuon,MaCuonSach) VALUES ('131','10001106');
INSERT INTO CT_PHIEUMUON (MaPhieuMuon,MaCuonSach) VALUES ('132','10001107');
INSERT INTO CT_PHIEUMUON (MaPhieuMuon,MaCuonSach) VALUES ('133','10001110');
INSERT INTO CT_PHIEUMUON (MaPhieuMuon,MaCuonSach) VALUES ('134','10001015');
INSERT INTO CT_PHIEUMUON (MaPhieuMuon,MaCuonSach) VALUES ('135','10001019');
INSERT INTO CT_PHIEUMUON (MaPhieuMuon,MaCuonSach) VALUES ('136','10001021');
INSERT INTO CT_PHIEUMUON (MaPhieuMuon,MaCuonSach) VALUES ('137','10001023');
INSERT INTO CT_PHIEUMUON (MaPhieuMuon,MaCuonSach) VALUES ('138','10001024');
INSERT INTO CT_PHIEUMUON (MaPhieuMuon,MaCuonSach) VALUES ('139','10001025');
INSERT INTO CT_PHIEUMUON (MaPhieuMuon,MaCuonSach) VALUES ('140','10001028');
INSERT INTO CT_PHIEUMUON (MaPhieuMuon,MaCuonSach) VALUES ('141','10001030');
INSERT INTO CT_PHIEUMUON (MaPhieuMuon,MaCuonSach) VALUES ('142','10001032');
INSERT INTO CT_PHIEUMUON (MaPhieuMuon,MaCuonSach) VALUES ('143','10001035');
INSERT INTO CT_PHIEUMUON (MaPhieuMuon,MaCuonSach) VALUES ('144','10001041');
INSERT INTO CT_PHIEUMUON (MaPhieuMuon,MaCuonSach) VALUES ('145','10001042');
INSERT INTO CT_PHIEUMUON (MaPhieuMuon,MaCuonSach) VALUES ('146','10001043');
INSERT INTO CT_PHIEUMUON (MaPhieuMuon,MaCuonSach) VALUES ('147','10001044');
INSERT INTO CT_PHIEUMUON (MaPhieuMuon,MaCuonSach) VALUES ('148','10001045');
INSERT INTO CT_PHIEUMUON (MaPhieuMuon,MaCuonSach) VALUES ('149','10001046');
INSERT INTO CT_PHIEUMUON (MaPhieuMuon,MaCuonSach) VALUES ('150','10001047');
INSERT INTO CT_PHIEUMUON (MaPhieuMuon,MaCuonSach) VALUES ('151','10001049');
INSERT INTO CT_PHIEUMUON (MaPhieuMuon,MaCuonSach) VALUES ('152','10001050');
INSERT INTO CT_PHIEUMUON (MaPhieuMuon,MaCuonSach) VALUES ('153','10001056');
INSERT INTO CT_PHIEUMUON (MaPhieuMuon,MaCuonSach) VALUES ('154','10001057');
INSERT INTO CT_PHIEUMUON (MaPhieuMuon,MaCuonSach) VALUES ('155','10001060');
INSERT INTO CT_PHIEUMUON (MaPhieuMuon,MaCuonSach) VALUES ('156','10001061');
INSERT INTO CT_PHIEUMUON (MaPhieuMuon,MaCuonSach) VALUES ('157','10001063');
INSERT INTO CT_PHIEUMUON (MaPhieuMuon,MaCuonSach) VALUES ('158','10001065');
INSERT INTO CT_PHIEUMUON (MaPhieuMuon,MaCuonSach) VALUES ('159','10001068');
INSERT INTO CT_PHIEUMUON (MaPhieuMuon,MaCuonSach) VALUES ('160','10001069');
INSERT INTO CT_PHIEUMUON (MaPhieuMuon,MaCuonSach) VALUES ('161','10001078');
INSERT INTO CT_PHIEUMUON (MaPhieuMuon,MaCuonSach) VALUES ('134','10001111');
INSERT INTO CT_PHIEUMUON (MaPhieuMuon,MaCuonSach) VALUES ('135','10001113');
INSERT INTO CT_PHIEUMUON (MaPhieuMuon,MaCuonSach) VALUES ('136','10001114');
INSERT INTO CT_PHIEUMUON (MaPhieuMuon,MaCuonSach) VALUES ('137','10001115');
INSERT INTO CT_PHIEUMUON (MaPhieuMuon,MaCuonSach) VALUES ('138','10001118');
INSERT INTO CT_PHIEUMUON (MaPhieuMuon,MaCuonSach) VALUES ('139','10001120');
INSERT INTO CT_PHIEUMUON (MaPhieuMuon,MaCuonSach) VALUES ('140','10001121');
INSERT INTO CT_PHIEUMUON (MaPhieuMuon,MaCuonSach) VALUES ('141','10001124');
INSERT INTO CT_PHIEUMUON (MaPhieuMuon,MaCuonSach) VALUES ('142','10001125');
INSERT INTO CT_PHIEUMUON (MaPhieuMuon,MaCuonSach) VALUES ('143','10001126');
INSERT INTO CT_PHIEUMUON (MaPhieuMuon,MaCuonSach) VALUES ('144','10001129');
INSERT INTO CT_PHIEUMUON (MaPhieuMuon,MaCuonSach) VALUES ('145','10001131');
INSERT INTO CT_PHIEUMUON (MaPhieuMuon,MaCuonSach) VALUES ('146','10001132');
INSERT INTO CT_PHIEUMUON (MaPhieuMuon,MaCuonSach) VALUES ('147','10001136');
INSERT INTO CT_PHIEUMUON (MaPhieuMuon,MaCuonSach) VALUES ('148','10001137');
INSERT INTO CT_PHIEUMUON (MaPhieuMuon,MaCuonSach) VALUES ('149','10001138');
INSERT INTO CT_PHIEUMUON (MaPhieuMuon,MaCuonSach) VALUES ('150','10001139');
INSERT INTO CT_PHIEUMUON (MaPhieuMuon,MaCuonSach) VALUES ('151','10001140');
INSERT INTO CT_PHIEUMUON (MaPhieuMuon,MaCuonSach) VALUES ('152','10001141');
INSERT INTO CT_PHIEUMUON (MaPhieuMuon,MaCuonSach) VALUES ('153','10001142');
INSERT INTO CT_PHIEUMUON (MaPhieuMuon,MaCuonSach) VALUES ('154','10001144');
INSERT INTO CT_PHIEUMUON (MaPhieuMuon,MaCuonSach) VALUES ('155','10001145');
INSERT INTO CT_PHIEUMUON (MaPhieuMuon,MaCuonSach) VALUES ('156','10001146');
INSERT INTO CT_PHIEUMUON (MaPhieuMuon,MaCuonSach) VALUES ('157','10001147');
INSERT INTO CT_PHIEUMUON (MaPhieuMuon,MaCuonSach) VALUES ('158','10001150');

-- Insert PHIEUTRA
INSERT INTO PHIEUTRA (MaPhieuTra,NgayTra,MaThe) VALUES ('321','3/14/2020','17150001');
INSERT INTO PHIEUTRA (MaPhieuTra,NgayTra,MaThe) VALUES ('322','3/18/2020','17150002');
INSERT INTO PHIEUTRA (MaPhieuTra,NgayTra,MaThe) VALUES ('323','4/13/2020','17150003');
INSERT INTO PHIEUTRA (MaPhieuTra,NgayTra,MaThe) VALUES ('324','3/9/2020','17150004');
INSERT INTO PHIEUTRA (MaPhieuTra,NgayTra,MaThe) VALUES ('325','3/10/2020','17150005');
INSERT INTO PHIEUTRA (MaPhieuTra,NgayTra,MaThe) VALUES ('326','4/2/2020','18150230');
INSERT INTO PHIEUTRA (MaPhieuTra,NgayTra,MaThe) VALUES ('327','4/6/2020','18150169');
INSERT INTO PHIEUTRA (MaPhieuTra,NgayTra,MaThe) VALUES ('328','4/14/2020','18150232');
INSERT INTO PHIEUTRA (MaPhieuTra,NgayTra,MaThe) VALUES ('329','4/1/2020','18150172');
INSERT INTO PHIEUTRA (MaPhieuTra,NgayTra,MaThe) VALUES ('330','4/8/2020','18150173');
INSERT INTO PHIEUTRA (MaPhieuTra,NgayTra,MaThe) VALUES ('331','4/13/2020','18150174');
INSERT INTO PHIEUTRA (MaPhieuTra,NgayTra,MaThe) VALUES ('332','4/9/2020','18150233');

-- Insert CT_PHIEUTRA
INSERT INTO CT_PHIEUTRA (MaPhieuTra,MaCuonSach) VALUES ('321','10001000');
INSERT INTO CT_PHIEUTRA (MaPhieuTra,MaCuonSach) VALUES ('322','10001001');
INSERT INTO CT_PHIEUTRA (MaPhieuTra,MaCuonSach) VALUES ('323','10001002');
INSERT INTO CT_PHIEUTRA (MaPhieuTra,MaCuonSach) VALUES ('324','10001003');
INSERT INTO CT_PHIEUTRA (MaPhieuTra,MaCuonSach) VALUES ('325','10001004');
INSERT INTO CT_PHIEUTRA (MaPhieuTra,MaCuonSach) VALUES ('326','10001005');
INSERT INTO CT_PHIEUTRA (MaPhieuTra,MaCuonSach) VALUES ('327','10001006');
INSERT INTO CT_PHIEUTRA (MaPhieuTra,MaCuonSach) VALUES ('328','10001007');
INSERT INTO CT_PHIEUTRA (MaPhieuTra,MaCuonSach) VALUES ('329','10001009');
INSERT INTO CT_PHIEUTRA (MaPhieuTra,MaCuonSach) VALUES ('330','10001012');
INSERT INTO CT_PHIEUTRA (MaPhieuTra,MaCuonSach) VALUES ('331','10001013');
INSERT INTO CT_PHIEUTRA (MaPhieuTra,MaCuonSach) VALUES ('332','10001014');
INSERT INTO CT_PHIEUTRA (MaPhieuTra,MaCuonSach) VALUES ('321','10001080');
INSERT INTO CT_PHIEUTRA (MaPhieuTra,MaCuonSach) VALUES ('322','10001083');
INSERT INTO CT_PHIEUTRA (MaPhieuTra,MaCuonSach) VALUES ('323','10001087');
INSERT INTO CT_PHIEUTRA (MaPhieuTra,MaCuonSach) VALUES ('324','10001090');
INSERT INTO CT_PHIEUTRA (MaPhieuTra,MaCuonSach) VALUES ('325','10001092');
INSERT INTO CT_PHIEUTRA (MaPhieuTra,MaCuonSach) VALUES ('326','10001096');
INSERT INTO CT_PHIEUTRA (MaPhieuTra,MaCuonSach) VALUES ('327','10001099');
INSERT INTO CT_PHIEUTRA (MaPhieuTra,MaCuonSach) VALUES ('328','10001100');
INSERT INTO CT_PHIEUTRA (MaPhieuTra,MaCuonSach) VALUES ('329','10001103');
INSERT INTO CT_PHIEUTRA (MaPhieuTra,MaCuonSach) VALUES ('330','10001106');
INSERT INTO CT_PHIEUTRA (MaPhieuTra,MaCuonSach) VALUES ('331','10001107');
INSERT INTO CT_PHIEUTRA (MaPhieuTra,MaCuonSach) VALUES ('332','10001110');

-- Insert PHIEUKIEMKE
INSERT INTO PHIEUKIEMKE (MaPhieuKiemKe,NgayKiemKe,SoLuongDau,SoLuongCuoi,MaKho) VALUES ('101','3/1/2020','405','378','221');
INSERT INTO PHIEUKIEMKE (MaPhieuKiemKe,NgayKiemKe,SoLuongDau,SoLuongCuoi,MaKho) VALUES ('102','3/2/2020','500','398','222');
INSERT INTO PHIEUKIEMKE (MaPhieuKiemKe,NgayKiemKe,SoLuongDau,SoLuongCuoi,MaKho) VALUES ('103','3/1/2020','199','145','331');
INSERT INTO PHIEUKIEMKE (MaPhieuKiemKe,NgayKiemKe,SoLuongDau,SoLuongCuoi,MaKho) VALUES ('104','3/8/2020','490','400','332');
INSERT INTO PHIEUKIEMKE (MaPhieuKiemKe,NgayKiemKe,SoLuongDau,SoLuongCuoi,MaKho) VALUES ('105','3/1/2020','700','604','433');
INSERT INTO PHIEUKIEMKE (MaPhieuKiemKe,NgayKiemKe,SoLuongDau,SoLuongCuoi,MaKho) VALUES ('106','2/17/2020','226','264','1');
INSERT INTO PHIEUKIEMKE (MaPhieuKiemKe,NgayKiemKe,SoLuongDau,SoLuongCuoi,MaKho) VALUES ('107','2/13/2020','269','216','2');
INSERT INTO PHIEUKIEMKE (MaPhieuKiemKe,NgayKiemKe,SoLuongDau,SoLuongCuoi,MaKho) VALUES ('108','2/11/2020','226','257','3');
INSERT INTO PHIEUKIEMKE (MaPhieuKiemKe,NgayKiemKe,SoLuongDau,SoLuongCuoi,MaKho) VALUES ('109','2/15/2020','219','289','4');
INSERT INTO PHIEUKIEMKE (MaPhieuKiemKe,NgayKiemKe,SoLuongDau,SoLuongCuoi,MaKho) VALUES ('110','2/11/2020','258','269','5');
INSERT INTO PHIEUKIEMKE (MaPhieuKiemKe,NgayKiemKe,SoLuongDau,SoLuongCuoi,MaKho) VALUES ('111','2/26/2020','290','254','5');
INSERT INTO PHIEUKIEMKE (MaPhieuKiemKe,NgayKiemKe,SoLuongDau,SoLuongCuoi,MaKho) VALUES ('112','3/2/2020','211','226','5');
INSERT INTO PHIEUKIEMKE (MaPhieuKiemKe,NgayKiemKe,SoLuongDau,SoLuongCuoi,MaKho) VALUES ('113','2/5/2020','243','273','5');

-- Insert NHANVIEN
INSERT INTO NHANVIEN (MaNhanVien,TenNhanVien,MaKho) VALUES ('2201',N'Nguyễn Thi Như Quỳnh ','221');
INSERT INTO NHANVIEN (MaNhanVien,TenNhanVien,MaKho) VALUES ('2202',N'Quách Văn Thắng','222');
INSERT INTO NHANVIEN (MaNhanVien,TenNhanVien,MaKho) VALUES ('2203',N'Lê Đình Tú','331');
INSERT INTO NHANVIEN (MaNhanVien,TenNhanVien,MaKho) VALUES ('2204',N'Nguyễn Ánh Dương','332');
INSERT INTO NHANVIEN (MaNhanVien,TenNhanVien,MaKho) VALUES ('2205',N'Trần Cao Thanh Tùng','433');
INSERT INTO NHANVIEN (MaNhanVien,TenNhanVien,MaKho) VALUES ('2206',N'Trương Anh Khoa','221');
INSERT INTO NHANVIEN (MaNhanVien,TenNhanVien,MaKho) VALUES ('2207',N'Đặng Quang Vũ','222');
INSERT INTO NHANVIEN (MaNhanVien,TenNhanVien,MaKho) VALUES ('2208',N'Nguyễn Bích Như','331');
INSERT INTO NHANVIEN (MaNhanVien,TenNhanVien,MaKho) VALUES ('2209',N'Vũ Kim Phượng','332');
INSERT INTO NHANVIEN (MaNhanVien,TenNhanVien,MaKho) VALUES ('2210',N'Nguyễn Phương Quyên','433');
INSERT INTO NHANVIEN (MaNhanVien,TenNhanVien,MaKho) VALUES ('2211',N'Phùng Ðức Bảo','221');
INSERT INTO NHANVIEN (MaNhanVien,TenNhanVien,MaKho) VALUES ('2212',N'Phạm Diệu Loan','332');
INSERT INTO NHANVIEN (MaNhanVien,TenNhanVien,MaKho) VALUES ('2213',N'Trần Ngọc Yến','222');
INSERT INTO NHANVIEN (MaNhanVien,TenNhanVien,MaKho) VALUES ('2214',N'Dương Thu Trang','221');
INSERT INTO NHANVIEN (MaNhanVien,TenNhanVien,MaKho) VALUES ('2215',N'Đoàn Bích Hằng','221');
INSERT INTO NHANVIEN (MaNhanVien,TenNhanVien,MaKho) VALUES ('2216',N'Võ Việt An','222');
INSERT INTO NHANVIEN (MaNhanVien,TenNhanVien,MaKho) VALUES ('2217',N'Nguyễn Khắc Duy','331');
INSERT INTO NHANVIEN (MaNhanVien,TenNhanVien,MaKho) VALUES ('2218',N'Phạm Phương Thảo','332');
INSERT INTO NHANVIEN (MaNhanVien,TenNhanVien,MaKho) VALUES ('2219',N'Hồ Ngọc Huệ','433');


-- Insert QUANLYMUONSACH
INSERT INTO QUANLYMUONSACH (MaPhieuMuon,MaNhanVien) VALUES ('122','2201');
INSERT INTO QUANLYMUONSACH (MaPhieuMuon,MaNhanVien) VALUES ('123','2202');
INSERT INTO QUANLYMUONSACH (MaPhieuMuon,MaNhanVien) VALUES ('124','2203');
INSERT INTO QUANLYMUONSACH (MaPhieuMuon,MaNhanVien) VALUES ('125','2204');
INSERT INTO QUANLYMUONSACH (MaPhieuMuon,MaNhanVien) VALUES ('126','2205');
INSERT INTO QUANLYMUONSACH (MaPhieuMuon,MaNhanVien) VALUES ('127','2206');
INSERT INTO QUANLYMUONSACH (MaPhieuMuon,MaNhanVien) VALUES ('128','2207');
INSERT INTO QUANLYMUONSACH (MaPhieuMuon,MaNhanVien) VALUES ('129','2208');
INSERT INTO QUANLYMUONSACH (MaPhieuMuon,MaNhanVien) VALUES ('130','2209');
INSERT INTO QUANLYMUONSACH (MaPhieuMuon,MaNhanVien) VALUES ('131','2210');
INSERT INTO QUANLYMUONSACH (MaPhieuMuon,MaNhanVien) VALUES ('132','2211');
INSERT INTO QUANLYMUONSACH (MaPhieuMuon,MaNhanVien) VALUES ('133','2212');
INSERT INTO QUANLYMUONSACH (MaPhieuMuon,MaNhanVien) VALUES ('134','2213');
INSERT INTO QUANLYMUONSACH (MaPhieuMuon,MaNhanVien) VALUES ('135','2214');
INSERT INTO QUANLYMUONSACH (MaPhieuMuon,MaNhanVien) VALUES ('136','2215');
INSERT INTO QUANLYMUONSACH (MaPhieuMuon,MaNhanVien) VALUES ('137','2216');
INSERT INTO QUANLYMUONSACH (MaPhieuMuon,MaNhanVien) VALUES ('138','2217');
INSERT INTO QUANLYMUONSACH (MaPhieuMuon,MaNhanVien) VALUES ('139','2218');
INSERT INTO QUANLYMUONSACH (MaPhieuMuon,MaNhanVien) VALUES ('140','2219');
INSERT INTO QUANLYMUONSACH (MaPhieuMuon,MaNhanVien) VALUES ('141','2201');
INSERT INTO QUANLYMUONSACH (MaPhieuMuon,MaNhanVien) VALUES ('142','2202');
INSERT INTO QUANLYMUONSACH (MaPhieuMuon,MaNhanVien) VALUES ('143','2203');
INSERT INTO QUANLYMUONSACH (MaPhieuMuon,MaNhanVien) VALUES ('144','2204');
INSERT INTO QUANLYMUONSACH (MaPhieuMuon,MaNhanVien) VALUES ('145','2205');
INSERT INTO QUANLYMUONSACH (MaPhieuMuon,MaNhanVien) VALUES ('146','2206');
INSERT INTO QUANLYMUONSACH (MaPhieuMuon,MaNhanVien) VALUES ('147','2207');
INSERT INTO QUANLYMUONSACH (MaPhieuMuon,MaNhanVien) VALUES ('148','2208');
INSERT INTO QUANLYMUONSACH (MaPhieuMuon,MaNhanVien) VALUES ('149','2209');
INSERT INTO QUANLYMUONSACH (MaPhieuMuon,MaNhanVien) VALUES ('150','2210');
INSERT INTO QUANLYMUONSACH (MaPhieuMuon,MaNhanVien) VALUES ('151','2211');
INSERT INTO QUANLYMUONSACH (MaPhieuMuon,MaNhanVien) VALUES ('152','2212');
INSERT INTO QUANLYMUONSACH (MaPhieuMuon,MaNhanVien) VALUES ('153','2213');
INSERT INTO QUANLYMUONSACH (MaPhieuMuon,MaNhanVien) VALUES ('154','2214');
INSERT INTO QUANLYMUONSACH (MaPhieuMuon,MaNhanVien) VALUES ('155','2215');
INSERT INTO QUANLYMUONSACH (MaPhieuMuon,MaNhanVien) VALUES ('156','2216');
INSERT INTO QUANLYMUONSACH (MaPhieuMuon,MaNhanVien) VALUES ('157','2217');
INSERT INTO QUANLYMUONSACH (MaPhieuMuon,MaNhanVien) VALUES ('158','2218');
INSERT INTO QUANLYMUONSACH (MaPhieuMuon,MaNhanVien) VALUES ('159','2219');
INSERT INTO QUANLYMUONSACH (MaPhieuMuon,MaNhanVien) VALUES ('160','2201');
INSERT INTO QUANLYMUONSACH (MaPhieuMuon,MaNhanVien) VALUES ('161','2202');
INSERT INTO QUANLYMUONSACH (MaPhieuMuon,MaNhanVien) VALUES ('157','2203');
INSERT INTO QUANLYMUONSACH (MaPhieuMuon,MaNhanVien) VALUES ('158','2204');
INSERT INTO QUANLYMUONSACH (MaPhieuMuon,MaNhanVien) VALUES ('159','2205');
INSERT INTO QUANLYMUONSACH (MaPhieuMuon,MaNhanVien) VALUES ('160','2206');
INSERT INTO QUANLYMUONSACH (MaPhieuMuon,MaNhanVien) VALUES ('161','2207');

-- Insert QUANLYTRASACH
INSERT INTO QUANLYTRASACH (MaPhieuTra,MaNhanVien) VALUES ('321','2201');
INSERT INTO QUANLYTRASACH (MaPhieuTra,MaNhanVien) VALUES ('322','2202');
INSERT INTO QUANLYTRASACH (MaPhieuTra,MaNhanVien) VALUES ('323','2203');
INSERT INTO QUANLYTRASACH (MaPhieuTra,MaNhanVien) VALUES ('324','2204');
INSERT INTO QUANLYTRASACH (MaPhieuTra,MaNhanVien) VALUES ('325','2205');
INSERT INTO QUANLYTRASACH (MaPhieuTra,MaNhanVien) VALUES ('326','2201');
INSERT INTO QUANLYTRASACH (MaPhieuTra,MaNhanVien) VALUES ('327','2202');
INSERT INTO QUANLYTRASACH (MaPhieuTra,MaNhanVien) VALUES ('328','2203');
INSERT INTO QUANLYTRASACH (MaPhieuTra,MaNhanVien) VALUES ('329','2204');
INSERT INTO QUANLYTRASACH (MaPhieuTra,MaNhanVien) VALUES ('330','2205');
INSERT INTO QUANLYTRASACH (MaPhieuTra,MaNhanVien) VALUES ('331','2206');
INSERT INTO QUANLYTRASACH (MaPhieuTra,MaNhanVien) VALUES ('332','2207');

-- Insert PHIEUNHAP
INSERT INTO PHIEUNHAP (MaKho,MaNCC,NgayNhap,SoLuong,MaDauSach) VALUES ('221','4441','2/2/2020','4','90');
INSERT INTO PHIEUNHAP (MaKho,MaNCC,NgayNhap,SoLuong,MaDauSach) VALUES ('222','4442','2/2/2020','20','91');
INSERT INTO PHIEUNHAP (MaKho,MaNCC,NgayNhap,SoLuong,MaDauSach) VALUES ('331','4443','2/2/2020','17','92');
INSERT INTO PHIEUNHAP (MaKho,MaNCC,NgayNhap,SoLuong,MaDauSach) VALUES ('332','4444','2/2/2020','11','93');
INSERT INTO PHIEUNHAP (MaKho,MaNCC,NgayNhap,SoLuong,MaDauSach) VALUES ('433','4445','2/2/2020','6','94');
INSERT INTO PHIEUNHAP (MaKho,MaNCC,NgayNhap,SoLuong,MaDauSach) VALUES ('221','4446','2/23/2020','20','95');
INSERT INTO PHIEUNHAP (MaKho,MaNCC,NgayNhap,SoLuong,MaDauSach) VALUES ('222','4447','3/1/2020','5','96');
INSERT INTO PHIEUNHAP (MaKho,MaNCC,NgayNhap,SoLuong,MaDauSach) VALUES ('331','4448','3/2/2020','17','97');
INSERT INTO PHIEUNHAP (MaKho,MaNCC,NgayNhap,SoLuong,MaDauSach) VALUES ('332','4449','2/4/2020','20','98');
INSERT INTO PHIEUNHAP (MaKho,MaNCC,NgayNhap,SoLuong,MaDauSach) VALUES ('433','4450','2/14/2020','19','99');
INSERT INTO PHIEUNHAP (MaKho,MaNCC,NgayNhap,SoLuong,MaDauSach) VALUES ('1','4451','2/10/2020','13','100');
INSERT INTO PHIEUNHAP (MaKho,MaNCC,NgayNhap,SoLuong,MaDauSach) VALUES ('2','4452','2/26/2020','17','101');
INSERT INTO PHIEUNHAP (MaKho,MaNCC,NgayNhap,SoLuong,MaDauSach) VALUES ('3','4453','2/13/2020','14','102');
INSERT INTO PHIEUNHAP (MaKho,MaNCC,NgayNhap,SoLuong,MaDauSach) VALUES ('4','4454','2/15/2020','12','103');
INSERT INTO PHIEUNHAP (MaKho,MaNCC,NgayNhap,SoLuong,MaDauSach) VALUES ('5','4455','2/9/2020','17','104');
INSERT INTO PHIEUNHAP (MaKho,MaNCC,NgayNhap,SoLuong,MaDauSach) VALUES ('331','4456','2/24/2020','14','105');
INSERT INTO PHIEUNHAP (MaKho,MaNCC,NgayNhap,SoLuong,MaDauSach) VALUES ('332','4457','3/2/2020','20','106');
INSERT INTO PHIEUNHAP (MaKho,MaNCC,NgayNhap,SoLuong,MaDauSach) VALUES ('221','4458','3/1/2020','7','107');
INSERT INTO PHIEUNHAP (MaKho,MaNCC,NgayNhap,SoLuong,MaDauSach) VALUES ('1','4459','2/25/2020','18','108');

-- Insert PHIEUXUAT
INSERT INTO PHIEUXUAT (MaKho,MaKeSach,NgayXuat) VALUES ('221','1110','2/14/2020');
INSERT INTO PHIEUXUAT (MaKho,MaKeSach,NgayXuat) VALUES ('222','1111','2/14/2020');
INSERT INTO PHIEUXUAT (MaKho,MaKeSach,NgayXuat) VALUES ('331','1112','2/14/2020');
INSERT INTO PHIEUXUAT (MaKho,MaKeSach,NgayXuat) VALUES ('332','1113','2/14/2020');
INSERT INTO PHIEUXUAT (MaKho,MaKeSach,NgayXuat) VALUES ('433','1114','2/14/2020');
INSERT INTO PHIEUXUAT (MaKho,MaKeSach,NgayXuat) VALUES ('4','1110','4/6/2020');
INSERT INTO PHIEUXUAT (MaKho,MaKeSach,NgayXuat) VALUES ('5','1111','4/1/2020');
INSERT INTO PHIEUXUAT (MaKho,MaKeSach,NgayXuat) VALUES ('1','1112','4/4/2020');
INSERT INTO PHIEUXUAT (MaKho,MaKeSach,NgayXuat) VALUES ('2','1113','4/2/2020');
INSERT INTO PHIEUXUAT (MaKho,MaKeSach,NgayXuat) VALUES ('5','1114','4/5/2020');
INSERT INTO PHIEUXUAT (MaKho,MaKeSach,NgayXuat) VALUES ('1','1115','4/11/2020');
INSERT INTO PHIEUXUAT (MaKho,MaKeSach,NgayXuat) VALUES ('2','1116','4/3/2020');
INSERT INTO PHIEUXUAT (MaKho,MaKeSach,NgayXuat) VALUES ('3','1117','3/31/2020');
INSERT INTO PHIEUXUAT (MaKho,MaKeSach,NgayXuat) VALUES ('4','1118','4/10/2020');
INSERT INTO PHIEUXUAT (MaKho,MaKeSach,NgayXuat) VALUES ('5','1119','4/3/2020');
